card_id,card_name,card_url,current_list,closed,due,due_complete,trello_date_last_activity,actions_in_period,active_members_in_period,first_activity_in_period,last_activity_in_period,comments,updates,checklist_activity,moves_detected,assigned_member_count,label_count
695f56935e55d9046de46253,Board Meeting 25-26 FY Planning,https://trello.com/c/a1T5P9nW/387-board-meeting-25-26-fy-planning,In Progress,FALSE,2026-06-05T17:36:00.000Z,TRUE,2026-06-12T20:21:02.982Z,105,2,2026-02-17T21:26:54.914Z,2026-06-11T16:58:08.660Z,0,67,38,18,2,1
695f56905e55d9046de45686,Amex Credit Card Reconciliation,https://trello.com/c/yksxGPFL/398-amex-credit-card-reconciliation,In Progress,FALSE,2026-06-22T18:35:00.000Z,FALSE,2026-06-15T18:37:39.953Z,83,3,2026-02-18T16:25:25.246Z,2026-06-15T18:37:22.825Z,0,58,22,19,2,1
691d680f27f13d6949833a02,Garnet and Black Road Trip Events 2026,https://trello.com/c/8Boh3jKk/101-garnet-and-black-road-trip-events-2026,Completed,FALSE,2026-05-22T17:36:00.000Z,TRUE,2026-06-03T17:15:05.692Z,73,4,2026-02-23T22:36:23.400Z,2026-06-03T17:15:05.704Z,5,12,47,2,4,1
69ab298ca27f3f5f0979bcef,Annual Membership Meeting (Held in June),https://trello.com/c/d67MaARr/512-annual-membership-meeting-held-in-june,Overdue,FALSE,2026-06-16T17:36:00.000Z,FALSE,2026-06-16T17:36:18.162Z,56,3,2026-03-06T19:22:52.633Z,2026-06-16T17:36:18.173Z,2,29,14,7,5,3
695f56905e55d9046de4568c,Founders Corporate Card Reconciliation,https://trello.com/c/jHfyhLI2/400-founders-corporate-card-reconciliation,In Progress,FALSE,2026-06-22T18:30:00.000Z,FALSE,2026-06-15T18:20:45.001Z,56,3,2026-02-18T19:28:54.128Z,2026-06-15T18:20:37.030Z,0,31,25,10,2,1
695e5f68d2d508cbd6229025,Chapter Due To/From Report,https://trello.com/c/TM4fRspI/370-chapter-due-to-from-report,In Progress,FALSE,2026-06-26T19:30:00.000Z,FALSE,2026-05-28T03:26:53.752Z,50,2,2026-02-23T20:29:51.769Z,2026-05-27T21:03:58.581Z,0,50,0,9,2,1
695f56905e55d9046de456b1,Blackbaud Merchant Account Reconciliation,https://trello.com/c/ZlCrMEfA/401-blackbaud-merchant-account-reconciliation,In Progress,FALSE,2026-06-18T17:30:00.000Z,FALSE,2026-06-15T18:20:26.730Z,49,3,2026-02-18T18:30:26.481Z,2026-06-15T14:40:00.685Z,0,35,14,10,2,1
69970ea9a3553c191b8a4d3f,Auto Pay Plan Timeline (Communication/Process),https://trello.com/c/DAjoCsB3/509-auto-pay-plan-timeline-communication-process,In Progress,FALSE,2026-12-01T19:38:00.000Z,FALSE,2026-05-12T13:52:07.173Z,45,4,2026-02-19T13:22:50.031Z,2026-03-23T14:02:51.477Z,1,19,16,1,5,2
695e5f64d2d508cbd6227970,Bank Reconciliations,https://trello.com/c/kyolbmf4/381-bank-reconciliations,In Progress,FALSE,2026-07-06T19:30:00.000Z,FALSE,2026-06-12T13:54:40.460Z,44,2,2026-02-17T17:38:42.572Z,2026-06-12T13:52:36.816Z,0,44,0,10,2,1
695e5f64d2d508cbd6227a79,Chase Credit Card Reconciliation,https://trello.com/c/yWqUVxca/384-chase-credit-card-reconciliation,In Progress,FALSE,2026-06-13T18:30:00.000Z,FALSE,2026-06-16T14:14:49.172Z,43,3,2026-02-18T16:26:42.584Z,2026-06-16T14:14:49.102Z,0,18,25,2,2,1
695f56935e55d9046de4624a,Chapter Bank Account Reconciliations,https://trello.com/c/RBbtxhCE/389-chapter-bank-account-reconciliations,In Progress,FALSE,2026-07-03T19:07:00.000Z,FALSE,2026-05-28T17:26:00.556Z,43,3,2026-02-18T20:07:17.645Z,2026-05-28T15:17:08.326Z,0,30,13,10,2,1
67d05c543935e3e0329db2ce,Give 4 Garnet 2026,https://trello.com/c/s7pMzsHo/508-give-4-garnet-2026,Completed,FALSE,2026-03-26T19:00:00.000Z,TRUE,2026-03-26T15:17:51.235Z,41,4,2026-02-17T18:01:53.216Z,2026-03-26T15:17:51.243Z,0,30,11,6,3,1
695f9c4c53070f92dbe6e97f,Expense Approvals in Paycom,https://trello.com/c/OMsp26Q2/461-expense-approvals-in-paycom,In Progress,FALSE,2026-06-25T17:30:00.000Z,FALSE,2026-06-10T20:55:19.479Z,40,3,2026-02-23T16:21:36.775Z,2026-06-10T20:54:53.284Z,0,32,8,12,2,1
695e5f6ad2d508cbd6229947,Department Budget Reports,https://trello.com/c/aNUwT42X/376-department-budget-reports,In Progress,FALSE,2026-07-15T16:56:00.000Z,FALSE,2026-06-16T03:26:56.650Z,33,2,2026-02-17T17:55:36.136Z,2026-06-15T20:36:55.983Z,0,20,13,7,1,1
691d67fe27f13d694982fd3c,GCC Interns,https://trello.com/c/Iu98ETGR/111-gcc-interns,In Progress,FALSE,2026-07-31T19:25:00.000Z,FALSE,2026-06-03T21:08:40.775Z,33,3,2026-02-25T19:26:21.195Z,2026-06-03T19:06:53.988Z,1,15,15,5,2,1
699dd9300cd756928e24d183,Summer Fridays Schedule,https://trello.com/c/4mcsytyI/510-summer-fridays-schedule,Completed,FALSE,2026-05-26T16:02:00.000Z,TRUE,2026-05-22T19:53:01.095Z,31,2,2026-02-24T17:00:32.719Z,2026-05-22T19:53:01.106Z,0,21,6,4,2,1
691d689fb21572531bf0af3a,Monthly Paysafe JE,https://trello.com/c/mKuO1t8x/145-monthly-paysafe-je,In Progress,FALSE,2026-07-06T18:30:00.000Z,FALSE,2026-06-01T20:27:40.454Z,31,2,2026-05-06T20:14:07.055Z,2026-06-01T20:14:02.713Z,0,19,11,2,1,1
691d680f27f13d6949833874,JGCC Spring Movie Night,https://trello.com/c/QME6Ywqg/99-jgcc-spring-movie-night,Completed,FALSE,2026-05-16T19:21:00.000Z,TRUE,2026-06-04T19:05:25.714Z,30,4,2026-03-03T15:53:04.241Z,2026-06-04T19:05:25.726Z,3,15,12,5,2,1
695e5f64d2d508cbd6227975,Monthly Financial Statements,https://trello.com/c/qk7NntTt/382-monthly-financial-statements,In Progress,FALSE,2026-07-10T18:30:00.000Z,FALSE,2026-06-12T13:54:40.460Z,30,2,2026-03-10T18:30:36.462Z,2026-06-12T13:52:46.010Z,0,26,4,10,1,1
67e6b5be62172e9283b43e7b,Staff Summer 2026 Retreat,https://trello.com/c/8IVCuV2I/511-staff-summer-2026-retreat,In Progress,FALSE,2027-04-12T12:51:00.000Z,FALSE,2026-06-12T20:25:05.081Z,30,2,2026-03-04T13:51:05.297Z,2026-06-12T20:24:17.153Z,0,11,17,1,1,0
69f8fcb975aa727bf9a9051e,Board Meeting 26-27 FY Planning,https://trello.com/c/8HKq6lts/517-board-meeting-26-27-fy-planning,In Progress,FALSE,2026-06-19T17:36:00.000Z,FALSE,2026-06-15T18:20:26.730Z,29,2,2026-05-04T20:08:25.999Z,2026-06-15T12:38:09.941Z,0,13,7,2,2,1
695f56935e55d9046de46252,Send Ascend Carolina invoice to Jeff Tallant,https://trello.com/c/Zs4baxn0/392-send-ascend-carolina-invoice-to-jeff-tallant,Completed,FALSE,2026-06-05T18:30:00.000Z,TRUE,2026-06-10T20:52:21.496Z,26,2,2026-03-05T19:30:32.336Z,2026-06-10T20:52:21.513Z,0,22,4,8,1,1
695f9c3a53070f92dbe6a748,Record TM transactions in FE,https://trello.com/c/lvT06QDq/503-record-tm-transactions-in-fe,In Progress,FALSE,2026-07-03T18:30:00.000Z,FALSE,2026-06-03T21:09:39.550Z,26,2,2026-03-03T20:29:39.314Z,2026-06-03T21:09:21.735Z,0,22,4,7,1,1
691d680d27f13d69498332d1,Membership Packet - Send Out - February - March,https://trello.com/c/r4RBjK84/96-membership-packet-send-out-february-march,Completed,TRUE,2026-04-15T11:01:00.000Z,TRUE,2026-05-18T20:02:49.642Z,25,2,2026-04-15T11:01:17.573Z,2026-05-18T20:02:49.654Z,0,6,19,2,1,1
691d67bc3059690213d35512,Budget Preparation,https://trello.com/c/PiJLZBId/6-budget-preparation,In Progress,FALSE,2026-06-19T18:30:00.000Z,FALSE,2026-06-09T15:56:11.218Z,24,2,2026-03-10T18:30:29.186Z,2026-06-09T15:56:11.239Z,0,19,5,6,1,1
695f9c5453070f92dbe70461,Event Budget Reconciling,https://trello.com/c/y8pW2fPH/484-event-budget-reconciling,In Progress,FALSE,2026-06-29T18:30:00.000Z,FALSE,2026-06-03T17:17:59.851Z,23,2,2026-02-26T16:31:36.958Z,2026-03-04T21:15:23.880Z,1,0,21,0,3,1
691d67b93059690213d34d94,Commemorative Ticket 26-27 Process,https://trello.com/c/2lGBl4fL/40-commemorative-ticket-26-27-process,In Progress,FALSE,2026-07-17T20:13:00.000Z,FALSE,2026-06-13T03:26:49.090Z,23,2,2026-05-06T12:35:49.663Z,2026-06-12T20:14:09.084Z,0,15,6,5,2,3
695e5f66d2d508cbd6228501,2026 Baseball Season,https://trello.com/c/Fcqe6Gdb/362-2026-baseball-season,Completed,FALSE,2026-05-29T18:30:00.000Z,TRUE,2026-06-03T17:17:59.163Z,21,3,2026-02-26T16:35:32.309Z,2026-03-04T21:19:43.109Z,0,5,15,1,3,1
695e5f69d2d508cbd62291cc,JGCC Monthly Task Items,https://trello.com/c/h94AvILi/371-jgcc-monthly-task-items,In Progress,FALSE,2026-01-15T19:38:00.000Z,FALSE,2026-06-12T03:27:25.207Z,20,2,2026-02-26T21:31:48.195Z,2026-03-23T13:30:39.949Z,1,17,2,3,1,1
691d680f27f13d69498338e3,Football Seat Selection,https://trello.com/c/gR6xL1jA/102-football-seat-selection,Completed,FALSE,2026-05-29T12:30:00.000Z,TRUE,2026-06-02T18:58:53.988Z,20,3,2026-04-14T12:30:28.234Z,2026-06-02T18:58:54.000Z,0,14,6,4,5,4
695e5f68d2d508cbd62290af,Rev Share Payment Approvals in TM Wallet,https://trello.com/c/ddWsFGyl/374-rev-share-payment-approvals-in-tm-wallet,In Progress,FALSE,2026-06-22T18:30:00.000Z,FALSE,2026-05-30T03:26:50.776Z,20,3,2026-02-25T14:13:21.363Z,2026-05-29T13:09:52.821Z,0,16,4,6,2,1
695c36b7132f6b72d07bf564,CreateTalech Transaction Merchant Fee Journal Entry,https://trello.com/c/HsyifcPq/347-createtalech-transaction-merchant-fee-journal-entry,In Progress,FALSE,2026-07-03T18:32:00.000Z,FALSE,2026-06-15T18:20:26.730Z,20,3,2026-03-03T20:51:32.920Z,2026-06-15T14:39:26.730Z,0,16,4,6,2,1
695f9c3a53070f92dbe6a71e,JE's for Employee Reimbursements,https://trello.com/c/0IRZEBCx/403-jes-for-employee-reimbursements,In Progress,FALSE,2026-07-07T18:30:00.000Z,FALSE,2026-06-09T03:26:52.456Z,20,2,2026-03-04T16:53:42.092Z,2026-06-08T14:04:16.693Z,0,16,4,6,2,1
691d680327f13d6949830f77,Garnet & Black Spring Fest,https://trello.com/c/gcWfP2U4/60-garnet-black-spring-fest,Overdue,FALSE,2026-04-30T13:46:00.000Z,FALSE,2026-06-09T12:48:50.668Z,19,2,2026-03-17T13:38:54.828Z,2026-04-30T13:46:24.482Z,1,7,10,2,3,1
695f9c3a53070f92dbe6a719,Ticketmaster GCC-ATH Reconciliation,https://trello.com/c/HgIaKsnV/402-ticketmaster-gcc-ath-reconciliation,In Progress,FALSE,2026-07-01T18:30:00.000Z,FALSE,2026-06-03T21:10:00.353Z,18,2,2026-02-25T21:35:39.296Z,2026-06-03T21:09:50.045Z,0,14,4,4,1,1
695e5f68d2d508cbd6228d3c,2026 Membership Packet Process (includes checklist-timeline),https://trello.com/c/4hkCKDs4/365-2026-membership-packet-process-includes-checklist-timeline,Completed,FALSE,2026-04-15T17:06:00.000Z,TRUE,2026-06-02T18:58:22.055Z,17,2,2026-03-03T16:53:40.631Z,2026-06-02T18:58:19.960Z,0,3,14,1,2,1
695e5f65d2d508cbd62282a7,On Deck with the Gamecocks Event,https://trello.com/c/ahMUJtiE/355-on-deck-with-the-gamecocks-event,Completed,FALSE,,TRUE,2026-06-03T17:17:59.439Z,17,2,2026-02-26T16:37:27.034Z,2026-03-04T20:43:35.362Z,1,2,14,1,1,1
691d680c27f13d69498331aa,GCC non-renewal and decreased level letters - enclose past due invoices,https://trello.com/c/4bVNoIfu/93-gcc-non-renewal-and-decreased-level-letters-enclose-past-due-invoices,Completed,FALSE,2026-03-11T15:33:00.000Z,TRUE,2026-03-24T14:58:47.619Z,16,3,2026-02-19T13:20:06.902Z,2026-03-24T14:58:47.629Z,1,8,7,3,1,1
69457fbacc4a10bbd82aaf3e,Monthly Transfer to Lettermen's Association,https://trello.com/c/Wa1eduma/507-monthly-transfer-to-lettermens-association,In Progress,FALSE,2026-07-01T18:30:00.000Z,FALSE,2026-06-03T21:09:39.550Z,16,2,2026-03-05T19:30:28.806Z,2026-06-03T21:09:09.897Z,0,12,4,4,1,1
695e5f6ad2d508cbd62298ce,Send financials and fund balance report to Jeff Tallant,https://trello.com/c/CRFJz6BS/375-send-financials-and-fund-balance-report-to-jeff-tallant,In Progress,FALSE,2026-07-15T18:30:00.000Z,FALSE,2026-06-12T13:54:40.460Z,16,2,2026-03-13T18:30:27.915Z,2026-06-12T13:52:55.927Z,0,12,4,4,1,1
691d67c03059690213d3611b,WBB Post Season,https://trello.com/c/rSdQk7CL/19-wbb-post-season,Overdue,FALSE,2026-04-30T18:30:00.000Z,FALSE,2026-06-09T12:48:50.668Z,15,2,2026-03-04T21:16:08.623Z,2026-04-30T18:30:31.415Z,0,6,6,2,3,1
691d67fe27f13d694982fd84,JGCC Membership Packet,https://trello.com/c/7Eraoowr/113-jgcc-membership-packet,In Progress,FALSE,2026-07-08T21:00:00.000Z,FALSE,2026-05-22T03:26:56.055Z,15,3,2026-03-23T16:17:02.210Z,2026-05-21T14:16:43.852Z,0,11,4,3,2,1
691d680e27f13d6949833599,Football Invoices,https://trello.com/c/p3b61cuj/98-football-invoices,Completed,FALSE,2026-04-15T21:00:00.000Z,TRUE,2026-06-09T17:08:06.960Z,14,3,2026-04-09T12:40:09.452Z,2026-06-09T17:08:06.981Z,0,7,5,3,5,3
691d681027f13d6949833c1b,Process - Chapter President  2026,https://trello.com/c/BHt2OMg4/104-process-chapter-president-2026,In Progress,FALSE,2026-06-17T17:06:00.000Z,FALSE,2026-06-16T03:26:56.650Z,13,4,2026-02-26T16:33:34.942Z,2026-06-15T18:46:01.075Z,0,7,6,2,3,1
695fb035df81072da06e5521,Payroll Journal Entries,https://trello.com/c/ZoB4GBtd/504-payroll-journal-entries,In Progress,FALSE,2026-07-02T18:30:00.000Z,FALSE,2026-05-28T17:26:00.556Z,13,2,2026-03-06T16:54:51.415Z,2026-05-28T17:25:54.844Z,0,9,4,2,1,1
691d680f27f13d6949833a01,Football Parking Selection,https://trello.com/c/x7dl76CY/103-football-parking-selection,Completed,FALSE,,TRUE,2026-06-09T16:55:14.506Z,12,2,2026-06-09T16:54:57.543Z,2026-06-09T16:55:14.520Z,0,5,7,2,5,4
69e64400583c1fd960e6924e,50/50 Raffle Winner Payout - FY26 #4,https://trello.com/c/XWKAZenW/516-50-50-raffle-winner-payout-fy26-4,Completed,FALSE,2026-05-13T15:19:00.000Z,TRUE,2026-05-21T13:44:24.352Z,12,2,2026-04-20T15:19:28.206Z,2026-05-21T13:44:24.373Z,0,9,0,2,1,1
6a2aef8b741c4743a853da19,Advisory Board Meetings,https://trello.com/c/9fWbEsjM/522-advisory-board-meetings,Overdue,FALSE,2026-06-16T14:00:00.000Z,FALSE,2026-06-16T14:01:04.387Z,12,2,2026-06-11T17:25:31.697Z,2026-06-16T14:01:04.400Z,0,6,1,1,3,1
695e5f66d2d508cbd62283cd,Cregger Track Event,https://trello.com/c/xn4i3uOk/361-cregger-track-event,In Progress,FALSE,2026-06-29T18:30:00.000Z,FALSE,2026-06-03T17:17:59.702Z,12,2,2026-02-26T16:35:58.996Z,2026-03-04T21:15:33.202Z,2,1,8,0,3,1
695f56905e55d9046de45687,Fidelity JE,https://trello.com/c/xKMAr7JV/394-fidelity-je,In Progress,FALSE,2026-07-03T16:53:00.000Z,FALSE,2026-06-01T20:27:40.454Z,12,2,2026-03-04T18:00:18.662Z,2026-06-01T20:26:47.832Z,0,8,4,2,1,1
695e5f64d2d508cbd6227972,Admissions Tax Return,https://trello.com/c/ym8MX98q/377-admissions-tax-return,In Progress,FALSE,2026-07-10T18:30:00.000Z,FALSE,2026-06-13T03:26:49.090Z,12,2,2026-03-06T19:31:10.767Z,2026-06-12T13:56:05.607Z,0,8,4,2,1,1
691d680c27f13d6949833218,GCC Merch Store,https://trello.com/c/Gd2HFTff/95-gcc-merch-store,In Progress,FALSE,2026-07-16T18:39:00.000Z,FALSE,2026-05-18T20:04:21.428Z,12,3,2026-04-14T18:39:21.669Z,2026-05-18T19:47:10.879Z,1,6,4,2,2,1
691d680c27f13d694983307a,Courtesy Car-Annual Audit- Correct Ticket Allocations to Accounts,https://trello.com/c/Ba2BcCYd/92-courtesy-car-annual-audit-correct-ticket-allocations-to-accounts,Completed,FALSE,2026-02-05T18:30:00.000Z,TRUE,2026-05-18T19:46:19.314Z,11,3,2026-02-26T16:35:04.259Z,2026-05-18T19:46:19.335Z,0,7,2,2,2,1
691d67b93059690213d34d90,Apply credits to 2026 Car Dealer accounts,https://trello.com/c/SZUuKIs9/42-apply-credits-to-2026-car-dealer-accounts,Completed,FALSE,2026-02-02T14:41:00.000Z,TRUE,2026-04-13T12:46:36.770Z,10,3,2026-02-27T14:41:21.008Z,2026-04-13T12:46:36.799Z,0,7,1,2,2,1
6a284690bccde2209e51eee3,GCC Dashboard,https://trello.com/c/eNZpaTmP/520-gcc-dashboard,In Progress,FALSE,2026-06-30T17:00:00.000Z,FALSE,2026-06-09T20:15:36.283Z,10,2,2026-06-09T17:00:01.069Z,2026-06-09T17:14:10.696Z,0,4,1,0,3,1
695e5f68d2d508cbd6228e60,GCC Day Planning and Logistics,https://trello.com/c/ZydoVQ5G/366-gcc-day-planning-and-logistics,In Progress,FALSE,2026-03-13T17:36:00.000Z,FALSE,2026-06-12T03:27:25.207Z,9,1,2026-02-25T19:25:23.390Z,2026-04-13T12:46:58.861Z,0,0,7,0,2,1
695e5f64d2d508cbd6227ae2,Quarterly Pledge Review (MGOs-Meg),https://trello.com/c/XNZqZt5v/378-quarterly-pledge-review-mgos-meg,Overdue,FALSE,2026-04-30T15:22:00.000Z,FALSE,2026-06-09T12:48:50.668Z,9,3,2026-02-23T21:45:48.337Z,2026-06-03T17:14:06.474Z,3,5,1,2,1,1
691d680b27f13d6949832d1d,Final GCC renewal deadline - drop seats from unpaid memberships,https://trello.com/c/4GXj9cf2/88-final-gcc-renewal-deadline-drop-seats-from-unpaid-memberships,Completed,FALSE,2026-03-28T03:59:00.000Z,TRUE,2026-05-18T19:53:56.285Z,8,2,2026-04-15T04:02:42.949Z,2026-05-18T19:53:56.300Z,0,6,2,2,1,1
695e5f64d2d508cbd6227973,Auto Pay Plans,https://trello.com/c/mJWYhuSz/353-auto-pay-plans,Completed,FALSE,2025-06-14T18:30:00.000Z,TRUE,2026-02-19T13:25:03.974Z,8,3,2026-02-17T19:27:31.179Z,2026-02-19T13:25:03.986Z,0,4,4,1,1,1
691d680627f13d6949831adb,Football,https://trello.com/c/Oj1wHgUd/71-football,Overdue,FALSE,2026-06-15T06:28:00.000Z,FALSE,2026-06-15T06:30:04.592Z,8,2,2026-02-17T19:27:44.728Z,2026-06-15T06:30:04.625Z,0,4,4,2,1,1
695e5f68d2d508cbd6228f36,Deposit Raffle Winner Federal Withholdings on EFTPS,https://trello.com/c/6jwHwcpM/368-deposit-raffle-winner-federal-withholdings-on-eftps,In Progress,FALSE,2026-07-06T17:30:00.000Z,FALSE,2026-05-28T17:44:35.651Z,8,2,2026-02-25T21:34:07.155Z,2026-05-28T17:44:26.999Z,0,4,4,0,1,1
6a284740b2a50e274dfece7e,Gamecocks Wrapped,https://trello.com/c/pLVOVl9G/521-gamecocks-wrapped,In Progress,FALSE,2026-11-01T18:00:00.000Z,FALSE,2026-06-09T20:15:36.283Z,8,2,2026-06-09T17:02:56.114Z,2026-06-09T17:14:19.214Z,0,2,1,0,3,1
691d680d27f13d694983346f,Football Renewals,https://trello.com/c/9zAUbjCe/97-football-renewals,In Progress,FALSE,,FALSE,2026-06-09T16:54:05.474Z,8,2,2026-04-09T13:44:40.608Z,2026-06-09T16:54:05.412Z,0,2,6,1,4,4
691d680727f13d6949831d61,Garnet Society Kickoff Event,https://trello.com/c/MndE2a1y/74-garnet-society-kickoff-event,Not Started,FALSE,2026-08-07T18:30:00.000Z,FALSE,2026-06-16T03:26:52.386Z,7,1,2026-03-17T13:28:50.653Z,2026-03-17T13:36:44.723Z,0,1,4,0,3,1
6a207b778134d714992ae061,Reimagined Suite Gift Processing,https://trello.com/c/Rida9n1R/518-reimagined-suite-gift-processing,In Progress,TRUE,2026-04-01T20:10:00.000Z,FALSE,2026-06-04T19:11:01.468Z,7,2,2026-06-03T19:07:35.958Z,2026-06-04T19:11:01.494Z,0,3,1,0,0,0
691d680127f13d69498308a6,Renewal Campaign - Football,https://trello.com/c/pV1HiwIK/53-renewal-campaign-football,Completed,FALSE,2026-02-27T22:00:00.000Z,TRUE,2026-06-09T16:45:10.922Z,7,2,2026-02-27T22:01:10.445Z,2026-06-09T16:45:10.933Z,0,5,2,2,2,2
691d680a27f13d69498329c7,SEC Development Meeting,https://trello.com/c/RtiFBiy4/86-sec-development-meeting,Completed,FALSE,2026-03-12T12:31:00.000Z,TRUE,2026-03-11T16:30:12.652Z,7,2,2026-02-24T17:13:04.864Z,2026-03-11T16:30:12.659Z,0,4,0,1,2,1
691d680b27f13d6949832f1e,Promotional Item for the Year,https://trello.com/c/PsKneKPz/91-promotional-item-for-the-year,Completed,FALSE,2027-02-28T20:23:00.000Z,TRUE,2026-03-02T19:28:55.617Z,7,2,2026-02-28T20:23:17.671Z,2026-03-02T19:28:55.634Z,0,6,1,2,1,1
691d680827f13d69498321de,Hall of Fame,https://trello.com/c/XHCi4FZK/79-hall-of-fame,Not Started,FALSE,2026-12-31T19:30:00.000Z,FALSE,2026-06-16T03:26:52.386Z,7,1,2026-03-17T13:34:05.013Z,2026-03-17T13:47:59.929Z,0,3,3,0,3,1
691d680a27f13d6949832b54,Mail: Decade Dividend Letters + Decals,https://trello.com/c/DfQSk0zC/87-mail-decade-dividend-letters-decals,Completed,FALSE,2026-02-21T20:39:00.000Z,TRUE,2026-02-26T16:33:46.655Z,6,3,2026-02-21T20:39:16.298Z,2026-02-26T16:33:46.666Z,1,5,0,2,1,1
691d67be3059690213d35d06,Complete PCI Compliance Training,https://trello.com/c/1ThmaFwM/14-complete-pci-compliance-training,Overdue,FALSE,2026-03-31T17:30:00.000Z,FALSE,2026-06-09T12:48:50.668Z,6,2,2026-03-03T20:54:22.525Z,2026-03-31T17:30:31.215Z,0,2,4,1,2,1
695f56935e55d9046de463a3,GCC-ATH Expense Reconciliation (Quarterly),https://trello.com/c/ma3UeaT1/393-gcc-ath-expense-reconciliation-quarterly,In Progress,FALSE,2026-07-01T17:30:00.000Z,FALSE,2026-05-12T13:52:07.173Z,6,2,2026-04-06T17:30:27.910Z,2026-04-16T18:26:41.465Z,0,5,1,2,2,1
695e5f64d2d508cbd6227974,Quarterly Transfer of Funds to Athletics,https://trello.com/c/ZfmKal7q/379-quarterly-transfer-of-funds-to-athletics,In Progress,FALSE,2026-07-06T17:30:00.000Z,FALSE,2026-05-12T13:52:07.173Z,6,2,2026-04-14T17:30:28.150Z,2026-04-24T14:35:27.103Z,0,5,1,2,1,1
695e5f66d2d508cbd62283c4,Golf Invitational Planning Fall 2026,https://trello.com/c/sVR8kRiS/356-golf-invitational-planning-fall-2026,In Progress,FALSE,,FALSE,2026-06-12T20:21:31.726Z,6,1,2026-05-22T19:53:42.327Z,2026-06-11T16:59:28.778Z,2,2,0,0,6,1
695f56905e55d9046de4568a,25-26 JGCC Days - Planning-Logistics,https://trello.com/c/Vx03sIr6/396-25-26-jgcc-days-planning-logistics,In Progress,FALSE,2026-02-02T22:00:00.000Z,FALSE,2026-06-12T03:27:25.207Z,5,2,2026-02-26T16:17:21.858Z,2026-03-04T21:50:25.694Z,0,3,2,1,1,1
691d680127f13d6949830a31,Create Annual Talech POS Device Checkout Calendar,https://trello.com/c/tqHpZKwi/56-create-annual-talech-pos-device-checkout-calendar,Completed,FALSE,2026-05-30T18:30:00.000Z,TRUE,2026-06-15T14:39:13.332Z,5,2,2026-05-30T18:30:22.604Z,2026-06-15T14:39:13.344Z,0,5,0,2,2,1
691d680127f13d6949830a30,Football Theme Day Fevo Pages,https://trello.com/c/I19rMeYU/55-football-theme-day-fevo-pages,Completed,FALSE,2026-04-18T19:23:00.000Z,TRUE,2026-06-09T16:53:58.716Z,5,2,2026-04-18T19:23:17.493Z,2026-06-09T16:53:58.729Z,0,5,0,2,2,1
691d67bd3059690213d3599b,Annual review of Admin Services Agreement between USC/GCC,https://trello.com/c/5rbz14Np/12-annual-review-of-admin-services-agreement-between-usc-gcc,Completed,FALSE,2026-05-15T18:30:00.000Z,TRUE,2026-05-27T15:30:10.203Z,5,2,2026-05-15T18:30:27.118Z,2026-05-27T15:30:10.222Z,0,5,0,2,1,1
691d67bc3059690213d35729,Assign Reps to New Sales Accounts,https://trello.com/c/OjjgY4qM/8-assign-reps-to-new-sales-accounts,Completed,FALSE,2025-12-01T22:00:00.000Z,TRUE,2026-04-09T12:40:01.254Z,4,3,2026-03-03T14:35:34.424Z,2026-04-09T12:40:01.277Z,0,3,0,1,4,3
691d67c43059690213d36f9a,Baseball,https://trello.com/c/aEX6YUFw/35-baseball,Completed,FALSE,2026-02-09T18:30:00.000Z,TRUE,2026-02-17T19:27:14.796Z,4,2,2026-02-17T19:27:04.627Z,2026-02-17T19:27:14.806Z,0,3,1,1,1,1
691d680427f13d69498311fe,GSLOT,https://trello.com/c/U5GCMVxs/64-gslot,Overdue,FALSE,2026-03-30T18:30:00.000Z,FALSE,2026-06-09T12:48:50.668Z,4,2,2026-03-30T18:30:40.924Z,2026-04-10T13:43:04.698Z,0,2,2,1,1,1
691d680f27f13d69498337c9,Cherokee County Event - May 15th,https://trello.com/c/J26VLioE/100-cherokee-county-event-may-15th,Overdue,TRUE,2026-03-27T12:08:00.000Z,FALSE,2026-05-05T20:20:25.226Z,4,3,2026-03-27T12:08:16.414Z,2026-05-05T20:20:25.238Z,1,3,0,1,2,1
691d67c13059690213d3664d,Garnet & Black Madness,https://trello.com/c/YDq6FV9Z/26-garnet-black-madness,Not Started,FALSE,2026-12-31T19:30:00.000Z,FALSE,2026-06-16T03:26:52.386Z,4,1,2026-03-17T13:32:58.994Z,2026-03-17T13:33:59.509Z,0,3,0,0,3,1
695e5f65d2d508cbd62282ad,Premium F&B Invoice Reconciling,https://trello.com/c/DRQ1Mfyy/359-premium-fb-invoice-reconciling,In Progress,FALSE,2026-06-29T18:30:00.000Z,FALSE,2026-06-03T17:18:00.162Z,4,2,2026-02-26T16:36:55.611Z,2026-03-04T21:15:46.149Z,0,0,3,0,3,1
691d67c13059690213d3658c,Scholarship Dinner,https://trello.com/c/J5F8HVBr/25-scholarship-dinner,Not Started,FALSE,2026-12-31T19:30:00.000Z,FALSE,2026-06-16T03:26:52.386Z,4,1,2026-03-17T13:30:02.802Z,2026-03-17T13:31:56.609Z,0,3,0,0,3,1
691d68f05727b3c316e93a06,GCC Appreciation Month To-Dos (November),https://trello.com/c/hzbd1p67/169-gcc-appreciation-month-to-dos-november,Completed,FALSE,2026-11-01T14:44:00.000Z,FALSE,2026-04-13T12:45:54.364Z,4,1,2026-04-13T12:45:11.770Z,2026-04-13T12:45:54.406Z,0,2,0,0,3,1
695f9c4353070f92dbe6ce27,Legandary Fan of the Game (Timeline/Process),https://trello.com/c/ChZ4Cdqa/434-legandary-fan-of-the-game-timeline-process,Completed,FALSE,2026-11-29T14:44:00.000Z,FALSE,2026-04-13T12:45:41.163Z,4,1,2026-04-13T12:45:10.964Z,2026-04-13T12:45:41.203Z,0,2,0,0,1,1
691d680627f13d69498318b7,Financial Statements to USC Controller's Office,https://trello.com/c/qJIJAjjw/70-financial-statements-to-usc-controllers-office,Not Started,FALSE,2026-08-28T18:30:00.000Z,FALSE,2026-06-16T03:26:52.386Z,3,2,2026-05-05T15:56:17.657Z,2026-05-05T15:56:18.680Z,0,3,0,0,1,1
691d680c27f13d694983311b,Follow Up w/Ticketing Office Auto Pay Plans are set up in system,https://trello.com/c/hAmjcie5/94-follow-up-w-ticketing-office-auto-pay-plans-are-set-up-in-system,Not Started,TRUE,2026-03-31T19:21:00.000Z,FALSE,2026-03-05T19:55:42.126Z,3,2,2026-02-19T13:23:37.784Z,2026-03-05T19:55:42.136Z,1,2,0,0,1,1
691d67c03059690213d361a3,The Beamer Ball,https://trello.com/c/IlTZZ7DM/21-the-beamer-ball,Not Started,TRUE,2026-05-29T18:30:00.000Z,FALSE,2026-06-03T17:17:58.599Z,3,1,2026-03-04T21:16:16.666Z,2026-03-04T21:16:36.838Z,1,1,0,0,3,1
691d67fe27f13d694982feff,Gamecock Summer Bash,https://trello.com/c/UHy8R7Gm/108-gamecock-summer-bash,Not Started,TRUE,2026-06-20T13:44:00.000Z,FALSE,2026-05-22T19:57:14.996Z,3,1,2026-04-13T12:47:47.260Z,2026-05-22T19:57:15.006Z,0,1,0,0,5,2
695f56905e55d9046de45684,Basketball,https://trello.com/c/GVgclA61/385-basketball,Completed,FALSE,2025-10-29T06:28:00.000Z,TRUE,2026-02-17T19:27:23.915Z,3,2,2026-02-17T19:27:22.308Z,2026-02-17T19:27:23.925Z,0,3,0,1,1,1
691d67c43059690213d37042,Gamecock Club Membership,https://trello.com/c/NMWfQFFy/36-gamecock-club-membership,Completed,FALSE,2026-01-30T18:30:00.000Z,TRUE,2026-02-17T19:27:19.866Z,3,2,2026-02-17T19:27:18.794Z,2026-02-17T19:27:19.874Z,0,3,0,1,1,1
695f9c4d53070f92dbe6ec69,Alumni Partnership Events,https://trello.com/c/CePB4BG4/464-alumni-partnership-events,Completed,FALSE,2026-01-02T14:44:00.000Z,FALSE,2026-04-13T12:46:22.881Z,3,1,2026-04-13T12:45:12.734Z,2026-04-13T12:46:22.908Z,0,1,0,0,2,2
691d67bf3059690213d36019,2026 Baseball Season,https://trello.com/c/GGj5mIor/18-2026-baseball-season,Overdue,FALSE,2026-05-29T18:30:00.000Z,FALSE,2026-06-09T12:48:50.668Z,3,2,2026-03-04T21:16:50.172Z,2026-05-29T18:30:27.539Z,0,2,0,1,3,1
691d680527f13d694983157b,2026 Football Pre-Season,https://trello.com/c/vLmGdZ4s/67-2026-football-pre-season,Not Started,FALSE,2026-07-02T02:32:00.000Z,FALSE,2026-06-16T03:26:52.386Z,2,1,2026-03-17T13:36:31.046Z,2026-03-17T13:36:38.423Z,0,1,0,0,3,1
691d680927f13d694983262b,Lowcountry Chapter Events,https://trello.com/c/DfEAvwFQ/84-lowcountry-chapter-events,Not Started,FALSE,2026-07-02T13:00:00.000Z,FALSE,2026-06-16T03:26:52.386Z,2,1,2026-04-13T12:47:32.334Z,2026-04-13T12:47:37.341Z,0,0,0,0,4,1
691d67ba3059690213d34ebd,"Send report of Seat Donations, Premiums and Suite Lease payments to campus",https://trello.com/c/0OAbPr70/41-send-report-of-seat-donations-premiums-and-suite-lease-payments-to-campus,Not Started,FALSE,2026-07-03T19:00:00.000Z,FALSE,2026-06-16T03:26:52.386Z,2,1,2026-06-04T19:08:56.734Z,2026-06-04T19:08:56.782Z,0,2,0,0,1,1
691d67fe27f13d694982fe11,Basketball Renewals Communication Timeline,https://trello.com/c/nyHDgZCF/110-basketball-renewals-communication-timeline,Not Started,FALSE,2026-08-12T03:30:00.000Z,FALSE,2026-06-16T03:26:52.386Z,2,2,2026-03-03T14:37:01.659Z,2026-06-09T17:05:37.766Z,0,0,0,0,6,4
691d680427f13d6949831307,FB Game 1 - vs. Kent State,https://trello.com/c/z9gIJuhX/66-fb-game-1-vs-kent-state,Not Started,FALSE,2026-08-28T18:30:00.000Z,FALSE,2026-06-16T03:26:52.386Z,2,1,2026-03-17T13:36:49.319Z,2026-03-17T13:37:11.446Z,0,1,0,0,3,1
691d680527f13d69498317d3,FB Game 2 - vs Towson,https://trello.com/c/gbnZjjqy/69-fb-game-2-vs-towson,Not Started,FALSE,2026-09-08T16:01:00.000Z,FALSE,2026-06-16T03:26:52.386Z,2,1,2026-03-17T13:37:20.364Z,2026-03-17T13:37:21.092Z,0,1,0,0,3,1
691d680627f13d6949831b96,FB Game 3 - vs Mississippi State,https://trello.com/c/5600WRM4/75-fb-game-3-vs-mississippi-state,Not Started,FALSE,2026-09-22T18:30:00.000Z,FALSE,2026-06-16T03:26:52.386Z,2,1,2026-03-17T13:37:29.224Z,2026-03-17T13:37:30.050Z,0,1,0,0,3,1
691d680827f13d694983216c,FB Game 4 - vs Kentucky,https://trello.com/c/lQqitAB2/78-fb-game-4-vs-kentucky,Not Started,FALSE,2026-10-21T18:30:00.000Z,FALSE,2026-06-16T03:26:52.386Z,2,1,2026-03-17T13:37:36.794Z,2026-03-17T13:37:37.447Z,0,1,0,0,3,1
691d680827f13d69498321db,FB Game 5 - vs Tennessee,https://trello.com/c/QSLmyHzd/80-fb-game-5-vs-tennessee,Not Started,FALSE,2026-10-25T18:30:00.000Z,FALSE,2026-06-16T03:26:52.386Z,2,1,2026-03-17T13:37:46.466Z,2026-03-17T13:37:47.152Z,0,1,0,0,3,1
695f9c5553070f92dbe7080d,Alabama Travel Package Trip,https://trello.com/c/eMca8c1o/489-alabama-travel-package-trip,Not Started,FALSE,2026-10-31T18:30:00.000Z,FALSE,2026-06-16T03:26:52.386Z,2,1,2026-03-04T21:17:34.374Z,2026-03-04T21:17:35.835Z,0,1,0,0,3,1
691d67bd3059690213d357e7,FB Game 6 - vs Texas A&M,https://trello.com/c/MjboFQSO/11-fb-game-6-vs-texas-am,Not Started,FALSE,2026-11-22T18:30:00.000Z,FALSE,2026-06-03T17:17:56.933Z,2,1,2026-03-04T21:18:20.416Z,2026-03-17T13:37:55.878Z,0,1,0,0,3,1
691d67bc3059690213d3572b,FB Game 7 - vs Georgia,https://trello.com/c/td4MMUSF/10-fb-game-7-vs-georgia,Not Started,FALSE,2026-11-29T18:30:00.000Z,FALSE,2026-06-03T17:17:57.142Z,2,1,2026-03-04T21:18:26.729Z,2026-03-17T13:38:01.055Z,0,1,0,0,3,1
691d680127f13d69498308a4,Retention Event - Baseball,https://trello.com/c/PMQFCVA3/51-retention-event-baseball,Overdue,FALSE,2026-03-08T20:00:00.000Z,FALSE,2026-06-09T12:48:50.668Z,2,1,2026-03-08T20:00:41.988Z,2026-03-08T20:00:42.136Z,0,2,0,1,1,1
691d680127f13d6949830a2f,New Sales Payment Enrollment Email,https://trello.com/c/yZzYNCzg/54-new-sales-payment-enrollment-email,Overdue,FALSE,2026-03-27T19:26:29.368Z,FALSE,2026-06-09T12:48:50.668Z,2,1,2026-03-27T19:27:18.550Z,2026-03-27T19:27:18.662Z,0,2,0,1,1,1
691d67be3059690213d35b90,Insurance renewals,https://trello.com/c/M1tFSZCE/13-insurance-renewals,Overdue,FALSE,2026-05-31T18:30:00.000Z,FALSE,2026-06-09T12:48:50.668Z,2,1,2026-05-31T18:30:25.413Z,2026-05-31T18:30:25.548Z,0,2,0,1,1,1
695e5f66d2d508cbd622835b,Premium Area Survey Review / Edit,https://trello.com/c/Kxh7GwM2/360-premium-area-survey-review-edit,In Progress,FALSE,2026-06-29T18:30:00.000Z,FALSE,2026-06-03T17:18:00.006Z,2,2,2026-02-26T16:36:42.769Z,2026-03-04T21:15:40.767Z,0,0,1,0,3,1
695e5f68d2d508cbd6228faa,WH-1605/1606 Quarterly Filing,https://trello.com/c/kwW7GGyk/369-wh-1605-1606-quarterly-filing,In Progress,FALSE,2026-07-29T18:30:00.000Z,FALSE,2026-05-12T13:52:01.999Z,2,2,2026-04-20T17:12:20.890Z,2026-04-20T17:12:21.696Z,0,1,1,0,1,1
6a21cd80a8b10e6422e2f948,2027 Reimagined Suites,https://trello.com/c/4S7rA0rG/519-2027-reimagined-suites,In Progress,FALSE,,FALSE,2026-06-09T03:26:52.456Z,2,2,2026-06-04T19:09:52.829Z,2026-06-04T19:09:54.293Z,0,0,0,0,0,1
69d96d3256b07d35d7e67528,Lanorris Sellers - FB,https://trello.com/c/Mxs8q13C/513-lanorris-sellers-fb,In Progress,FALSE,,FALSE,2026-06-09T03:26:52.456Z,2,2,2026-04-10T21:35:46.553Z,2026-04-10T21:35:48.099Z,0,0,0,0,0,0
691d67c23059690213d36b52,Legends+ Oyster Roast,https://trello.com/c/Ji2BqJt0/31-legends-oyster-roast,Not Started,FALSE,2027-06-29T18:30:00.000Z,FALSE,2026-06-16T03:26:52.386Z,2,1,2026-03-17T13:34:40.736Z,2026-03-17T13:34:41.376Z,0,1,0,0,3,1
69dd338cc7cb025a6fbb7665,hh,https://trello.com/c/CwEyOXaV/514-hh,Not Started,FALSE,,FALSE,2026-04-13T18:18:53.484Z,2,2,2026-04-13T18:18:52.182Z,2026-04-13T18:18:53.467Z,0,0,0,0,0,0
691d67c43059690213d37041,January 2027 All Staff Retreat,https://trello.com/c/Ghq9bDsN/37-january-2027-all-staff-retreat,Not Started,FALSE,,FALSE,2026-06-15T12:38:55.045Z,2,1,2026-06-12T20:23:38.100Z,2026-06-12T20:23:48.798Z,0,1,0,0,1,1
691d67c23059690213d36ad3,Event After Action Reports / Close-Out,https://trello.com/c/CXAQkALa/29-event-after-action-reports-close-out,Not Started,FALSE,2026-06-29T18:30:00.000Z,FALSE,2026-06-16T03:26:52.386Z,1,1,2026-03-17T13:47:51.691Z,2026-03-17T13:47:51.691Z,0,0,0,0,3,1
691d67bc3059690213d35456,Report of Student-Athlete Expenses from PeopleSoft,https://trello.com/c/ZMt8WrEI/5-report-of-student-athlete-expenses-from-peoplesoft,Not Started,FALSE,2026-07-06T18:58:00.000Z,FALSE,2026-06-16T03:26:52.386Z,1,1,2026-05-18T14:41:22.046Z,2026-05-18T14:41:22.046Z,0,1,0,0,2,1
691d680527f13d6949831704,2026 - Williams-Brice Stadium Contracts,https://trello.com/c/r6v8qMpa/68-2026-williams-brice-stadium-contracts,Not Started,FALSE,2026-07-10T18:30:00.000Z,FALSE,2026-06-15T12:38:55.045Z,1,1,2026-03-17T13:27:42.364Z,2026-03-17T13:27:42.364Z,0,0,0,0,3,1
691d680327f13d6949830e9f,Football away game deadline,https://trello.com/c/YTOOnP2u/59-football-away-game-deadline,Not Started,FALSE,2026-07-11T21:00:00.000Z,FALSE,2026-06-16T03:26:52.386Z,1,1,2026-06-09T17:07:40.997Z,2026-06-09T17:07:40.997Z,0,0,0,0,2,3
691d67fe27f13d694982fe61,25 JGCC - Membership Campaign,https://trello.com/c/vx0VOTeX/109-25-jgcc-membership-campaign,Not Started,FALSE,2026-09-01T21:00:00.000Z,FALSE,2026-06-16T03:26:52.386Z,1,1,2026-06-12T20:22:47.942Z,2026-06-12T20:22:47.942Z,1,0,0,0,1,1
691d680927f13d694983256c,2026-27 - Colonial Life Arena Contracts,https://trello.com/c/igLobygD/82-2026-27-colonial-life-arena-contracts,Not Started,FALSE,2026-11-01T18:30:00.000Z,FALSE,2026-06-15T12:38:55.045Z,1,1,2026-03-04T21:18:04.210Z,2026-03-04T21:18:04.210Z,0,0,0,0,3,1
691d680927f13d694983242c,2026-27 Basketball Season,https://trello.com/c/wnl73yWF/81-2026-27-basketball-season,Not Started,FALSE,2026-11-03T05:00:00.000Z,FALSE,2026-06-15T12:38:55.045Z,1,1,2026-03-04T21:18:09.969Z,2026-03-04T21:18:09.969Z,0,0,0,0,3,1
691d67c33059690213d36c64,April Events,https://trello.com/c/Yi95OHI2/33-april-events,Not Started,TRUE,2026-06-29T18:30:00.000Z,FALSE,2026-06-03T17:17:58.756Z,1,1,2026-03-04T21:17:04.437Z,2026-03-04T21:17:04.437Z,0,1,0,0,2,1
691d67c23059690213d36b53,December Events,https://trello.com/c/290Oza0X/32-december-events,Not Started,TRUE,2026-06-29T18:30:00.000Z,FALSE,2026-06-03T17:17:58.932Z,1,1,2026-03-04T21:17:11.145Z,2026-03-04T21:17:11.145Z,0,1,0,0,2,1
691d67c23059690213d36b4d,February Events,https://trello.com/c/pDEuV4Ry/30-february-events,Not Started,TRUE,2026-06-29T18:30:00.000Z,FALSE,2026-06-03T17:17:59.065Z,1,1,2026-03-04T21:17:17.736Z,2026-03-04T21:17:17.736Z,0,1,0,0,2,1
695e5f64d2d508cbd622796f,2025-26 Student Ambassadors,https://trello.com/c/E5F2khjZ/354-2025-26-student-ambassadors,In Progress,FALSE,2025-11-19T17:01:00.000Z,FALSE,2026-06-12T03:27:25.207Z,1,1,2026-03-04T21:15:05.721Z,2026-03-04T21:15:05.721Z,0,0,0,0,3,1
695e5f69d2d508cbd6229212,Auto Pay Plans: Monthly Report (Declines/Expiring Cards/Delinquent),https://trello.com/c/04dY6ya6/373-auto-pay-plans-monthly-report-declines-expiring-cards-delinquent,Completed,FALSE,2026-01-15T22:00:00.000Z,TRUE,2026-02-19T13:24:37.411Z,1,1,2026-02-19T13:24:37.422Z,2026-02-19T13:24:37.422Z,0,1,0,0,1,1
695f9c5753070f92dbe711d7,Taxable Benefits,https://trello.com/c/nTUT7kBP/495-taxable-benefits,Not Started,FALSE,2026-12-01T14:34:00.000Z,FALSE,2026-06-16T03:26:52.386Z,1,1,2026-05-20T13:34:30.234Z,2026-05-20T13:34:30.234Z,0,1,0,0,1,1
695e5f65d2d508cbd62282a6,"2025-2026 Courtside Seat Tracking, Contracts, & Invoices",https://trello.com/c/jhhhm84m/357-2025-2026-courtside-seat-tracking-contracts-invoices,In Progress,FALSE,,FALSE,2026-06-09T03:26:52.456Z,1,1,2026-03-04T21:15:55.606Z,2026-03-04T21:15:55.606Z,0,0,0,0,4,1
695f9c5553070f92dbe7088f,FB Post Season,https://trello.com/c/ORxLb3jP/490-fb-post-season,Not Started,FALSE,2027-01-30T18:30:00.000Z,FALSE,2026-06-03T17:17:57.795Z,1,1,2026-03-04T21:18:32.491Z,2026-03-04T21:18:32.491Z,0,0,0,0,3,1
691d67c13059690213d36653,Premium Area Survey Review / Edit,https://trello.com/c/WtZSBTTc/27-premium-area-survey-review-edit,Not Started,FALSE,2027-06-29T18:30:00.000Z,FALSE,2026-06-16T03:26:52.386Z,1,1,2026-03-04T21:18:39.602Z,2026-03-04T21:18:39.602Z,0,0,0,0,3,1
691d67c23059690213d36ac8,Premium F&B Invoice Reconciling,https://trello.com/c/JjDZ9MA9/28-premium-fb-invoice-reconciling,Not Started,FALSE,2027-06-29T18:30:00.000Z,FALSE,2026-06-16T03:26:52.386Z,1,1,2026-03-04T21:18:45.505Z,2026-03-04T21:18:45.505Z,0,0,0,0,3,1
691d67b93059690213d34dc4,Lock in points for 2026-27 season tickets,https://trello.com/c/6F7wdYxd/38-lock-in-points-for-2026-27-season-tickets,Not Started,FALSE,,FALSE,2026-06-15T12:38:55.045Z,1,1,2026-06-12T20:23:25.954Z,2026-06-12T20:23:25.954Z,0,1,0,0,1,1
695f9c4053070f92dbe6c1cd,GCC Auto Pay Plan Monthly Reminder,https://trello.com/c/vWgtOYGs/423-gcc-auto-pay-plan-monthly-reminder,Completed,FALSE,2026-01-08T15:56:00.000Z,TRUE,2026-02-19T13:24:44.976Z,1,1,2026-02-19T13:24:44.986Z,2026-02-19T13:24:44.986Z,0,1,0,0,3,2
695f9c5053070f92dbe6f866,2025-26 Basketball Season,https://trello.com/c/ZmcMwMGw/473-2025-26-basketball-season,Completed,FALSE,2025-11-03T05:00:00.000Z,TRUE,2026-06-03T17:17:59.291Z,1,1,2026-03-17T13:27:04.990Z,2026-03-17T13:27:04.990Z,0,0,0,0,3,1
69201041c233a547eecfcbea,Gamecock Club Membership Renewal,https://trello.com/c/0g3rWlt8/176-gamecock-club-membership-renewal,,FALSE,2026-01-13T22:00:00.000Z,FALSE,2025-11-21T07:09:54.917Z,0,0,,,0,0,0,0,0,1
69201041c233a547eecfcc2a,Suite Night - Retention MBB,https://trello.com/c/NEyRXsAh/180-suite-night-retention-mbb,,FALSE,2026-01-22T23:00:00.000Z,FALSE,2025-11-21T07:09:55.101Z,0,0,,,0,0,0,0,0,1
69201041c233a547eecfcbe8,Suite Night - Retention WBB,https://trello.com/c/cx8bg44g/174-suite-night-retention-wbb,,FALSE,2026-01-23T23:00:00.000Z,FALSE,2025-11-21T07:09:55.101Z,0,0,,,0,0,0,0,0,1
69201041c233a547eecfcbe7,Gamecock Club Membership Renewal Deadline,https://trello.com/c/KTW0v2be/178-gamecock-club-membership-renewal-deadline,,FALSE,2026-01-31T22:00:00.000Z,FALSE,2025-11-21T07:09:54.776Z,0,0,,,0,0,0,0,0,3
69201042c233a547eecfcda8,Process - Chapter President Nominations,https://trello.com/c/dY1esdJL/183-process-chapter-president-nominations,,FALSE,2026-02-03T17:00:00.000Z,FALSE,2025-11-21T07:09:55.581Z,0,0,,,0,0,0,0,0,1
69201042c233a547eecfcd07,Flip Consecutive Years and Donor Levels to 2025,https://trello.com/c/XycbBtvC/182-flip-consecutive-years-and-donor-levels-to-2025,,FALSE,2026-02-03T17:31:00.000Z,FALSE,2025-11-21T07:09:55.118Z,0,0,,,0,0,0,0,0,1
69201041c233a547eecfcbec,Basketball SEC Tournament request deadline,https://trello.com/c/MZPgoeH2/179-basketball-sec-tournament-request-deadline,,FALSE,2026-02-07T22:00:00.000Z,FALSE,2025-11-21T07:09:54.752Z,0,0,,,0,0,0,0,0,2
69201041c233a547eecfccb1,Mail: Decade Dividend Letters + Decals,https://trello.com/c/FX2ljLLI/181-mail-decade-dividend-letters-decals,,FALSE,2026-02-21T20:39:00.000Z,FALSE,2025-11-21T07:09:54.846Z,0,0,,,0,0,0,0,0,1
69201041c233a547eecfcbeb,Renewal Campaign - Football,https://trello.com/c/7MNoCxe9/177-renewal-campaign-football,,FALSE,2026-02-27T22:00:00.000Z,FALSE,2025-11-21T07:09:55.108Z,0,0,,,0,0,0,0,0,2
69201041c233a547eecfcbe9,Promotional Item for the Year,https://trello.com/c/KitWKWKZ/175-promotional-item-for-the-year,,FALSE,2026-02-28T20:23:00.000Z,FALSE,2025-11-21T07:09:54.846Z,0,0,,,0,0,0,0,0,1
69201050c233a547eed00275,Retention Event - Baseball,https://trello.com/c/G8rTcSt3/243-retention-event-baseball,,FALSE,2026-03-08T20:00:00.000Z,FALSE,2025-11-21T07:10:08.903Z,0,0,,,0,0,0,0,0,1
6920104fc233a547eed0000f,SEC Development Meeting,https://trello.com/c/xa0HnGoc/241-sec-development-meeting,,FALSE,2026-03-12T12:31:00.000Z,FALSE,2025-11-21T07:10:08.447Z,0,0,,,0,0,0,0,0,1
6920104fc233a547eed001e0,GCC non-renewal and decreased level letters - enclose past due invoices,https://trello.com/c/gjr4ijNv/242-gcc-non-renewal-and-decreased-level-letters-enclose-past-due-invoices,,FALSE,2026-03-14T15:33:00.000Z,FALSE,2025-11-21T07:10:08.859Z,0,0,,,0,0,0,0,0,1
6920104fc233a547eecfffb7,BOD June 17 Meeting Prep,https://trello.com/c/Gb8aCveB/240-bod-june-17-meeting-prep,,FALSE,2026-03-21T12:29:00.000Z,FALSE,2025-11-21T07:10:08.536Z,0,0,,,0,0,0,0,0,1
6920104ec233a547eecfff1d,Cherokee County Event - May 15th,https://trello.com/c/yHq9JWJD/239-cherokee-county-event-may-15th,,FALSE,2026-03-27T12:08:00.000Z,FALSE,2025-11-21T07:10:08.330Z,0,0,,,0,0,0,0,0,1
6920104ec233a547eecffe61,BOD March 20 Meeting Prep,https://trello.com/c/BB1k5TxZ/238-bod-march-20-meeting-prep,,FALSE,2026-03-27T19:00:00.000Z,FALSE,2025-11-21T07:10:08.343Z,0,0,,,0,0,0,0,0,1
6920104ec233a547eecffd43,New Sales Payment Enrollment Email,https://trello.com/c/CWazPJtC/237-new-sales-payment-enrollment-email,,FALSE,2026-03-27T19:26:29.368Z,FALSE,2025-11-21T07:10:07.700Z,0,0,,,0,0,0,0,0,1
6920104ec233a547eecffcc0,Follow Up w/Ticketing Office Payment Plans are set up in system,https://trello.com/c/zmwQ1wsd/236-follow-up-w-ticketing-office-payment-plans-are-set-up-in-system,,FALSE,2026-03-31T19:21:00.000Z,FALSE,2025-11-21T07:10:07.598Z,0,0,,,0,0,0,0,0,1
6920104dc233a547eecffc3c,Courtesy Car-Annual Audit- Correct Ticket Allocations to Accounts,https://trello.com/c/N8UbztFB/235-courtesy-car-annual-audit-correct-ticket-allocations-to-accounts,,FALSE,2026-04-07T17:30:00.000Z,FALSE,2025-11-21T07:10:07.818Z,0,0,,,0,0,0,0,0,1
6920104dc233a547eecff988,Football Seat Selection,https://trello.com/c/p6F2odIq/234-football-seat-selection,,FALSE,2026-04-14T12:30:00.000Z,FALSE,2025-11-21T07:10:06.983Z,0,0,,,0,0,0,0,0,4
6920104cc233a547eecff90d,GCC Merch Store,https://trello.com/c/3QsftKw3/233-gcc-merch-store,,FALSE,2026-04-14T18:39:00.000Z,FALSE,2025-11-21T07:10:07.196Z,0,0,,,0,0,0,0,0,1
6920104cc233a547eecff7d0,Final GCC renewal deadline - drop seats from unpaid memberships,https://trello.com/c/Kd8tG5sq/232-final-gcc-renewal-deadline-drop-seats-from-unpaid-memberships,,FALSE,2026-04-15T03:59:00.000Z,FALSE,2025-11-21T07:10:06.403Z,0,0,,,0,0,0,0,0,1
6920104cc233a547eecff72a,Membership Packet - Send Out - February - March,https://trello.com/c/KhXc9peG/231-membership-packet-send-out-february-march,,FALSE,2026-04-15T11:01:00.000Z,FALSE,2025-11-21T07:10:06.395Z,0,0,,,0,0,0,0,0,1
6920104bc233a547eecff574,Football Invoices,https://trello.com/c/EAngUY6J/228-football-invoices,,FALSE,2026-04-15T21:00:00.000Z,FALSE,2025-11-21T07:10:05.410Z,0,0,,,0,0,0,0,0,3
6920104bc233a547eecff575,Football Theme Day Fevo Pages,https://trello.com/c/xwLTe6X7/229-football-theme-day-fevo-pages,,FALSE,2026-04-18T19:23:00.000Z,FALSE,2025-11-21T07:10:04.996Z,0,0,,,0,0,0,0,0,1
6920104bc233a547eecff5cc,JGCC Spring Movie Night,https://trello.com/c/o1Q2mYN7/230-jgcc-spring-movie-night,,FALSE,2026-04-26T12:54:00.000Z,FALSE,2025-11-21T07:10:06.024Z,0,0,,,0,0,0,0,0,1
6920104bc233a547eecff4f9,Welcome Home Tours- 2025,https://trello.com/c/mVlIHXmH/227-welcome-home-tours-2025,,FALSE,2026-05-14T18:39:00.000Z,FALSE,2025-11-21T07:10:06.267Z,0,0,,,0,0,0,0,0,1
6920104bc233a547eecff2dd,Create Annual Talech POS Device Checkout Calendar,https://trello.com/c/uE0EKwFI/225-create-annual-talech-pos-device-checkout-calendar,,FALSE,2026-05-30T18:30:00.000Z,FALSE,2025-11-21T07:10:04.302Z,0,0,,,0,0,0,0,0,1
6920104ac233a547eecff245,Football,https://trello.com/c/Wlk9ntS6/224-football,,FALSE,2026-06-15T06:28:00.000Z,FALSE,2025-11-21T07:10:04.483Z,0,0,,,0,0,0,0,0,1
6920104bc233a547eecff3a9,Gamecock Summer Bash,https://trello.com/c/loyZ03vz/226-gamecock-summer-bash,,FALSE,2026-06-20T13:44:00.000Z,FALSE,2025-11-21T07:10:05.259Z,0,0,,,0,0,0,0,0,2
6920104ac233a547eecff021,Endowment Report,https://trello.com/c/F5FE2cFB/223-endowment-report,,FALSE,2026-06-29T18:30:00.000Z,FALSE,2025-11-21T07:10:03.722Z,0,0,,,0,0,0,0,0,1
69201049c233a547eecfee12,Book cash surrender values for life insurance policies,https://trello.com/c/6YpCDfpE/220-book-cash-surrender-values-for-life-insurance-policies,,FALSE,2026-06-30T18:30:00.000Z,FALSE,2025-11-21T07:10:03.067Z,0,0,,,0,0,0,0,0,1
6920104ac233a547eecfef4f,2025 Football Pre-Season,https://trello.com/c/u9YrQ7tr/222-2025-football-pre-season,,FALSE,2026-07-02T02:32:00.000Z,FALSE,2025-11-21T07:10:03.727Z,0,0,,,0,0,0,0,0,1
69201049c233a547eecfedbd,Lowcountry Chapter Events,https://trello.com/c/W52D04T1/219-lowcountry-chapter-events,,FALSE,2026-07-02T13:00:00.000Z,FALSE,2025-11-21T07:10:03.104Z,0,0,,,0,0,0,0,0,1
69201049c233a547eecfeed8,JGCC Membership Packet,https://trello.com/c/pk67pWiP/221-jgcc-membership-packet,,FALSE,2026-07-08T21:00:00.000Z,FALSE,2025-11-21T07:10:03.393Z,0,0,,,0,0,0,0,0,1
69201049c233a547eecfeb30,2026 - Williams-Brice Stadium Contracts,https://trello.com/c/8CqFycmm/215-2026-williams-brice-stadium-contracts,,FALSE,2026-07-10T18:30:00.000Z,FALSE,2025-11-21T07:10:02.498Z,0,0,,,0,0,0,0,0,1
69201049c233a547eecfeb2f,Football away game deadline,https://trello.com/c/0uOx8z1Q/216-football-away-game-deadline,,FALSE,2026-07-11T21:00:00.000Z,FALSE,2025-11-21T07:10:02.220Z,0,0,,,0,0,0,0,0,3
69201049c233a547eecfec3c,Delete Lapsed Membership Points and CY (maintain historical records),https://trello.com/c/XyU7j4ND/218-delete-lapsed-membership-points-and-cy-maintain-historical-records,,FALSE,2026-07-18T17:36:00.000Z,FALSE,2025-11-21T07:10:02.945Z,0,0,,,0,0,0,0,0,1
69201049c233a547eecfeb87,Aflac Kickoff Game,https://trello.com/c/d77ayoow/217-aflac-kickoff-game,,FALSE,2026-07-30T14:28:00.000Z,FALSE,2025-11-21T07:10:02.484Z,0,0,,,0,0,0,0,0,1
69201048c233a547eecfea2a,JGCC Fall Festival,https://trello.com/c/wFbZbLoo/214-jgcc-fall-festival,,FALSE,2026-08-01T17:06:00.000Z,FALSE,2025-11-21T07:10:02.226Z,0,0,,,0,0,0,0,0,1
69201048c233a547eecfe6c4,GCC Interns,https://trello.com/c/QeBszjw6/212-gcc-interns,,FALSE,2026-08-08T19:25:00.000Z,FALSE,2025-11-21T07:10:01.290Z,0,0,,,0,0,0,0,0,1
691d680627f13d6949831b1b,Endowment Report,https://trello.com/c/LQDAAQ10/73-endowment-report,Not Started,FALSE,2026-06-29T18:30:00.000Z,FALSE,2026-06-16T03:26:52.386Z,0,0,,,0,0,0,0,1,1
691d680327f13d6949830ea0,Book cash surrender values for life insurance policies,https://trello.com/c/NXavW0kI/58-book-cash-surrender-values-for-life-insurance-policies,Not Started,FALSE,2026-06-30T18:30:00.000Z,FALSE,2026-06-16T03:26:52.386Z,0,0,,,0,0,0,0,2,1
691d681027f13d6949833d3b,Delete Lapsed Membership Points and CY (maintain historical records),https://trello.com/c/m2yzZF8s/105-delete-lapsed-membership-points-and-cy-maintain-historical-records,Not Started,FALSE,2026-07-18T17:36:00.000Z,FALSE,2026-06-16T03:26:52.386Z,0,0,,,0,0,0,0,2,1
691d67fe27f13d694982fdd4,JGCC Fall Festival,https://trello.com/c/mbKqhSmc/115-jgcc-fall-festival,Not Started,FALSE,2026-08-01T17:06:00.000Z,FALSE,2026-06-16T03:26:52.386Z,0,0,,,0,0,0,0,2,1
691d680427f13d694983127b,AD Cabinet Meeting,https://trello.com/c/Que6hlCh/65-ad-cabinet-meeting,Not Started,FALSE,2026-08-11T18:30:00.000Z,FALSE,2026-06-16T03:26:52.386Z,0,0,,,0,0,0,0,1,1
691d681027f13d6949833ba6,GCC Fall Chapter Kickoffs - Thomas H.,https://trello.com/c/JPtjRO5X/106-gcc-fall-chapter-kickoffs-thomas-h,Not Started,FALSE,2026-08-27T15:40:00.000Z,FALSE,2026-06-16T03:26:52.386Z,0,0,,,0,0,0,0,1,1
691d680927f13d694983242b,Upstate Kickoff Events,https://trello.com/c/EZ1YXPc9/83-upstate-kickoff-events,Not Started,FALSE,2026-08-30T15:18:00.000Z,FALSE,2026-06-16T03:26:52.386Z,0,0,,,0,0,0,0,2,1
691d680427f13d6949831368,Create New Quarterly Goal Dashboard,https://trello.com/c/mFGacOx4/63-create-new-quarterly-goal-dashboard,Not Started,FALSE,2026-09-05T19:27:00.000Z,FALSE,2026-06-16T03:26:52.386Z,0,0,,,0,0,0,0,1,1
691d680427f13d6949831217,Renewal Campaign - Men's Basketball,https://trello.com/c/DLT680em/62-renewal-campaign-mens-basketball,Not Started,FALSE,2026-09-12T21:00:00.000Z,FALSE,2026-06-16T03:26:52.386Z,0,0,,,0,0,0,0,2,1
691d680427f13d694983113f,Renewal Campaign - Women's Basketball,https://trello.com/c/7dSQtVkN/61-renewal-campaign-womens-basketball,Not Started,FALSE,2026-09-12T21:00:00.000Z,FALSE,2026-06-16T03:26:52.386Z,0,0,,,0,0,0,0,2,1
691d67fe27f13d694982fd1c,Basketball Seat Selection,https://trello.com/c/KA2Tunyq/112-basketball-seat-selection,Not Started,FALSE,2026-09-15T13:49:00.000Z,FALSE,2026-06-16T03:26:52.386Z,0,0,,,0,0,0,0,5,4
695f9c3a53070f92dbe6a725,Holiday Hours - Thanksgiving/Christmas (Year End Giving),https://trello.com/c/Z2BijtxF/499-holiday-hours-thanksgiving-christmas-year-end-giving,Not Started,FALSE,2026-10-24T14:18:00.000Z,FALSE,2026-06-16T03:26:52.386Z,0,0,,,0,0,0,0,1,1
691d67fe27f13d694982fd1d,Complete SouthState PCI DSS Self-Assessment Questionnaire,https://trello.com/c/vo2XHXAM/47-complete-southstate-pci-dss-self-assessment-questionnaire,Not Started,FALSE,2026-10-29T18:30:00.000Z,FALSE,2026-06-16T03:26:52.386Z,0,0,,,0,0,0,0,2,1
691d680727f13d6949831df8,Annual raffle report for SCSOS,https://trello.com/c/I5TnexOP/76-annual-raffle-report-for-scsos,Not Started,FALSE,2026-10-31T17:30:00.000Z,FALSE,2026-06-16T03:26:52.386Z,0,0,,,0,0,0,0,1,1
691d67fe27f13d694982fd6d,Annual Charitable Registration and Financial Report,https://trello.com/c/cOHhgKOG/46-annual-charitable-registration-and-financial-report,Not Started,FALSE,2026-10-31T18:30:00.000Z,FALSE,2026-06-16T03:26:52.386Z,0,0,,,0,0,0,0,1,1
691d680827f13d69498320fa,Annual raffle registration with SCSOS,https://trello.com/c/T2w4ZX1d/77-annual-raffle-registration-with-scsos,Not Started,FALSE,2026-10-31T18:30:00.000Z,FALSE,2026-06-16T03:26:52.386Z,0,0,,,0,0,0,0,1,1
695f9c5353070f92dbe70194,2025-26 - Colonial Life Arena Contracts,https://trello.com/c/g8UGsnO5/482-2025-26-colonial-life-arena-contracts,,TRUE,2025-11-01T18:30:00.000Z,TRUE,2026-06-03T17:18:00.992Z,0,0,,,0,0,0,0,2,1
69201048c233a547eecfe6c3,Budget Customizations,https://trello.com/c/Cs4Sh7hA/211-budget-customizations,,FALSE,2026-08-11T15:49:00.000Z,FALSE,2025-11-21T07:10:01.230Z,0,0,,,0,0,0,0,0,1
69201048c233a547eecfe622,AD Cabinet Meeting,https://trello.com/c/lYKIlf1j/210-ad-cabinet-meeting,,FALSE,2026-08-11T18:30:00.000Z,FALSE,2025-11-21T07:10:01.222Z,0,0,,,0,0,0,0,0,1
69201048c233a547eecfe767,Basketball Renewals Communication Timeline,https://trello.com/c/qjqJD16x/213-basketball-renewals-communication-timeline,,FALSE,2026-08-12T03:30:00.000Z,FALSE,2025-11-21T07:10:01.570Z,0,0,,,0,0,0,0,0,4
69201047c233a547eecfe5dd,GCC Fall Chapter Kickoffs - Thomas H.,https://trello.com/c/OrtK2GLo/209-gcc-fall-chapter-kickoffs-thomas-h,,FALSE,2026-08-27T15:40:00.000Z,FALSE,2025-11-21T07:10:01.162Z,0,0,,,0,0,0,0,0,1
69201047c233a547eecfe3c8,FB Game 1 - vs. SC State,https://trello.com/c/5MmhmZTg/208-fb-game-1-vs-sc-state,,FALSE,2026-08-28T18:30:00.000Z,FALSE,2025-11-21T07:10:00.704Z,0,0,,,0,0,0,0,0,1
69201047c233a547eecfe3c4,Financial Statements to USC Controller's Office,https://trello.com/c/eZvSh0UT/207-financial-statements-to-usc-controllers-office,,FALSE,2026-08-29T18:30:00.000Z,FALSE,2025-11-21T07:10:00.677Z,0,0,,,0,0,0,0,0,1
69201047c233a547eecfe3c5,Upstate Kickoff Events,https://trello.com/c/bbkQUHFz/206-upstate-kickoff-events,,FALSE,2026-08-30T15:18:00.000Z,FALSE,2025-11-21T07:10:00.630Z,0,0,,,0,0,0,0,0,1
69201047c233a547eecfe272,25 JGCC - Membership Campaign,https://trello.com/c/WunRMWO3/205-25-jgcc-membership-campaign,,FALSE,2026-09-01T21:00:00.000Z,FALSE,2025-11-21T07:10:00.625Z,0,0,,,0,0,0,0,0,1
69201047c233a547eecfe1bf,Create New Quarterly Goal Dashboard,https://trello.com/c/Wps0EDrE/204-create-new-quarterly-goal-dashboard,,FALSE,2026-09-05T19:27:00.000Z,FALSE,2025-11-21T07:10:00.222Z,0,0,,,0,0,0,0,0,1
69201046c233a547eecfde83,FB Game 2 - vs Vandy,https://trello.com/c/GG9PhZrf/203-fb-game-2-vs-vandy,,FALSE,2026-09-08T16:01:00.000Z,FALSE,2025-11-21T07:09:59.515Z,0,0,,,0,0,0,0,0,1
69201046c233a547eecfde84,October Events,https://trello.com/c/CYjRQ0mH/202-october-events,,FALSE,2026-09-10T18:30:00.000Z,FALSE,2025-11-21T07:09:59.585Z,0,0,,,0,0,0,0,0,1
69201046c233a547eecfde20,Renewal Campaign - Men's Basketball,https://trello.com/c/5tydPJUW/201-renewal-campaign-mens-basketball,,FALSE,2026-09-12T21:00:00.000Z,FALSE,2025-11-21T07:09:59.576Z,0,0,,,0,0,0,0,0,1
69201046c233a547eecfddec,Renewal Campaign - Women's Basketball,https://trello.com/c/uTNatLjg/200-renewal-campaign-womens-basketball,,FALSE,2026-09-12T21:00:00.000Z,FALSE,2025-11-21T07:09:59.501Z,0,0,,,0,0,0,0,0,1
69201046c233a547eecfdd5d,Basketball Seat Selection,https://trello.com/c/4RDRQ8ow/199-basketball-seat-selection,,FALSE,2026-09-15T13:49:00.000Z,FALSE,2025-11-21T07:09:59.248Z,0,0,,,0,0,0,0,0,4
69201045c233a547eecfdc23,FB Game 3 - vs Kentucky,https://trello.com/c/dzmPB0vY/198-fb-game-3-vs-kentucky,,FALSE,2026-09-22T18:30:00.000Z,FALSE,2025-11-21T07:09:58.950Z,0,0,,,0,0,0,0,0,1
69201045c233a547eecfdbe1,FB Game 4 - vs Oklahoma,https://trello.com/c/0EmUqOVq/197-fb-game-4-vs-oklahoma,,FALSE,2026-10-21T18:30:00.000Z,FALSE,2025-11-21T07:09:58.950Z,0,0,,,0,0,0,0,0,1
69201045c233a547eecfdbe2,FB Game 5 - vs Alabama,https://trello.com/c/pvQxwm0h/196-fb-game-5-vs-alabama,,FALSE,2026-10-25T18:30:00.000Z,FALSE,2025-11-21T07:09:58.932Z,0,0,,,0,0,0,0,0,1
69201045c233a547eecfda72,Complete SouthState PCI DSS Self-Assessment Questionnaire,https://trello.com/c/ecNeuc2u/195-complete-southstate-pci-dss-self-assessment-questionnaire,,FALSE,2026-10-29T18:30:00.000Z,FALSE,2025-11-21T07:09:58.546Z,0,0,,,0,0,0,0,0,1
69201045c233a547eecfd963,Annual raffle report for SCSOS,https://trello.com/c/JG7qC4Su/194-annual-raffle-report-for-scsos,,FALSE,2026-10-31T17:30:00.000Z,FALSE,2025-11-21T07:09:58.426Z,0,0,,,0,0,0,0,0,1
69201044c233a547eecfd5a8,Annual Charitable Registration and Financial Report,https://trello.com/c/aBjEwtuZ/193-annual-charitable-registration-and-financial-report,,FALSE,2026-10-31T18:30:00.000Z,FALSE,2025-11-21T07:09:57.651Z,0,0,,,0,0,0,0,0,1
69201043c233a547eecfd32b,Annual raffle registration with SCSOS,https://trello.com/c/PkNs1Xk8/187-annual-raffle-registration-with-scsos,,FALSE,2026-10-31T18:30:00.000Z,FALSE,2025-11-21T07:09:57.027Z,0,0,,,0,0,0,0,0,1
69201043c233a547eecfd499,2026-27 - Colonial Life Arena Contracts,https://trello.com/c/ctQ8pT8f/191-2026-27-colonial-life-arena-contracts,,FALSE,2026-11-01T18:30:00.000Z,FALSE,2025-11-21T07:09:57.716Z,0,0,,,0,0,0,0,0,1
69201043c233a547eecfd3ea,2026-27 Basketball Season,https://trello.com/c/9McFu7ka/190-2026-27-basketball-season,,FALSE,2026-11-03T05:00:00.000Z,FALSE,2025-11-21T07:09:57.473Z,0,0,,,0,0,0,0,0,1
69201043c233a547eecfd49c,Baseball Renewals,https://trello.com/c/jpytKmit/192-baseball-renewals,,FALSE,2026-11-05T03:30:00.000Z,FALSE,2025-11-21T07:09:57.594Z,0,0,,,0,0,0,0,0,4
69201043c233a547eecfd284,GSLOT,https://trello.com/c/BJTNNW4E/186-gslot,,FALSE,2026-03-30T18:30:00.000Z,FALSE,2025-11-21T07:09:57.046Z,0,0,,,0,0,0,0,0,1
69201043c233a547eecfd3a7,September Events,https://trello.com/c/FYsnPKyk/189-september-events,,FALSE,2026-08-07T18:30:00.000Z,FALSE,2025-11-21T07:09:57.721Z,0,0,,,0,0,0,0,0,1
69201043c233a547eecfd249,Football Parking Selection,https://trello.com/c/OWJETiyd/185-football-parking-selection,,FALSE,,FALSE,2025-11-21T07:09:56.553Z,0,0,,,0,0,0,0,0,4
69201043c233a547eecfd32c,Football Renewals,https://trello.com/c/yJ9qxNT1/188-football-renewals,,FALSE,,FALSE,2025-11-21T07:09:57.012Z,0,0,,,0,0,0,0,0,4
69201043c233a547eecfd214,July/August Events,https://trello.com/c/Rj18mjsD/184-july-august-events,,FALSE,,FALSE,2025-11-21T07:09:56.602Z,0,0,,,0,0,0,0,0,1
691d680127f13d69498308a2,BOD March 20 Meeting Prep,https://trello.com/c/MMTYchdV/52-bod-march-20-meeting-prep,Not Started,TRUE,2026-03-27T19:00:00.000Z,FALSE,2025-12-02T13:37:42.258Z,0,0,,,0,0,0,0,2,1
695f9c4853070f92dbe6ddc7,Delete Lapsed Membership Points and CY (maintain historical records),https://trello.com/c/kTnWYhYE/451-delete-lapsed-membership-points-and-cy-maintain-historical-records,,TRUE,2025-07-18T17:36:00.000Z,TRUE,2026-01-08T13:37:53.349Z,0,0,,,0,0,0,0,2,1
691d67fe27f13d694982fea1,Baseball Renewals,https://trello.com/c/KCQR9ldI/114-baseball-renewals,Not Started,FALSE,2026-11-05T03:30:00.000Z,FALSE,2026-06-15T12:38:55.045Z,0,0,,,0,0,0,0,4,4
691d67c13059690213d3654f,dfsfdsf,https://trello.com/c/omS4ssrY/24-dfsfdsf,Not Started,TRUE,,FALSE,2026-01-05T22:05:29.802Z,0,0,,,0,0,0,0,0,0
695e5f66d2d508cbd62285ad,2026 Beneficiary Audit,https://trello.com/c/Jo21icr2/363-2026-beneficiary-audit,In Progress,FALSE,2026-05-15T14:56:00.000Z,FALSE,2026-06-12T03:27:25.207Z,0,0,,,0,0,0,0,2,1
691d680927f13d694983267a,Basketball SEC Tournament request deadline,https://trello.com/c/0RHezD9k/85-basketball-sec-tournament-request-deadline,Completed,FALSE,2026-02-07T22:00:00.000Z,TRUE,2026-02-11T13:43:16.608Z,0,0,,,0,0,0,0,2,2
691d680027f13d694983061b,Suite Night - Retention MBB,https://trello.com/c/RfmogdKp/49-suite-night-retention-mbb,Completed,FALSE,2026-01-27T23:00:00.000Z,TRUE,2026-02-09T21:14:24.707Z,0,0,,,0,0,0,0,2,1
691d680027f13d69498306c0,Suite Night - Retention WBB,https://trello.com/c/KkWyhhSc/50-suite-night-retention-wbb,Completed,FALSE,2026-01-25T23:00:00.000Z,TRUE,2026-02-09T21:14:18.070Z,0,0,,,0,0,0,0,2,1
691d680027f13d694983062c,Gamecock Club Membership Renewal,https://trello.com/c/5UwuJpmp/48-gamecock-club-membership-renewal,Completed,FALSE,2026-01-31T20:23:00.000Z,TRUE,2026-02-05T15:45:42.747Z,0,0,,,0,0,0,0,4,1
691d680b27f13d6949832e96,Flip Consecutive Years and Donor Levels to 2025,https://trello.com/c/WBpFqCVa/90-flip-consecutive-years-and-donor-levels-to-2025,Completed,FALSE,2026-02-03T17:31:00.000Z,TRUE,2026-02-05T15:45:23.293Z,0,0,,,0,0,0,0,1,1
691d680b27f13d6949832dd3,Gamecock Club Membership Renewal Deadline,https://trello.com/c/k6Qno2kx/89-gamecock-club-membership-renewal-deadline,Completed,FALSE,2026-01-31T22:00:00.000Z,TRUE,2026-02-04T16:43:51.759Z,0,0,,,0,0,0,0,4,3
695f56925e55d9046de4616a,Tax Acknowledgement Forms,https://trello.com/c/ITgseisq/390-tax-acknowledgement-forms,Completed,FALSE,2026-01-23T20:00:00.000Z,TRUE,2026-01-29T19:17:27.171Z,0,0,,,0,0,0,0,3,1
695f56905e55d9046de456b3,Gamecock Club Promotions/Videos,https://trello.com/c/ZLAX96Gr/386-gamecock-club-promotions-videos,Completed,FALSE,2025-12-12T14:44:00.000Z,TRUE,2026-01-29T19:17:22.801Z,0,0,,,0,0,0,0,1,1
695c35d2240dd5fb2d667f5a,50/50 Raffle Winner Payout - FY26 #3,https://trello.com/c/UW36Juvm/346-50-50-raffle-winner-payout-fy26-3,Completed,FALSE,2026-01-05T19:30:00.000Z,TRUE,2026-01-29T14:30:09.544Z,0,0,,,0,0,0,0,1,1
691d67bc3059690213d35624,Upload 1099's and W2G's to SCDOR,https://trello.com/c/VlQQ0dYn/7-upload-1099s-and-w2gs-to-scdor,Completed,FALSE,2026-01-27T15:11:00.000Z,TRUE,2026-01-26T17:32:23.081Z,0,0,,,0,0,0,0,1,1
691d67bf3059690213d35e36,IRS Form 945,https://trello.com/c/Om0fyaJS/15-irs-form-945,Completed,FALSE,2026-01-21T18:30:00.000Z,TRUE,2026-01-20T21:59:46.308Z,0,0,,,0,0,0,0,1,1
691d67bf3059690213d35e3b,IRS Form 1099-NEC,https://trello.com/c/5U2VGWGp/16-irs-form-1099-nec,Completed,FALSE,2026-01-20T18:30:00.000Z,TRUE,2026-01-20T21:59:40.797Z,0,0,,,0,0,0,0,1,1
691d67bf3059690213d35e3c,IRS Form W2G,https://trello.com/c/h3y5hvfW/17-irs-form-w2g,Completed,FALSE,2026-01-20T18:30:00.000Z,TRUE,2026-01-20T21:59:23.049Z,0,0,,,0,0,0,0,1,1
695e5f69d2d508cbd6229341,Send Monthly Athletics giving report to campus,https://trello.com/c/z6aXyTpl/372-send-monthly-athletics-giving-report-to-campus,Completed,FALSE,2026-01-16T13:54:00.000Z,TRUE,2026-01-16T16:28:43.785Z,0,0,,,0,0,0,0,1,1
695f56935e55d9046de46249,Monthly Import - SGC Archtics Data,https://trello.com/c/yIETUmC9/388-monthly-import-sgc-archtics-data,Completed,FALSE,2026-01-06T13:49:00.000Z,TRUE,2026-01-15T13:48:35.809Z,0,0,,,0,0,0,0,1,1
6967c13dbc825c18d56f8aeb,Run General Ledger Report for CC Account and Reconcile with Statement,https://trello.com/c/Vzju8Sh6/506-run-general-ledger-report-for-cc-account-and-reconcile-with-statement,Completed,FALSE,,TRUE,2026-01-14T16:17:13.287Z,0,0,,,0,0,0,0,1,0
695f9c5653070f92dbe70dab,Dashboard & Reporting Project,https://trello.com/c/hpXlTssV/491-dashboard-reporting-project,Completed,FALSE,2025-12-01T16:49:00.000Z,TRUE,2026-01-08T13:36:57.727Z,0,0,,,0,0,0,0,3,1
695f9c5753070f92dbe710cc,GCC Spring Interns,https://trello.com/c/w1oGofQ2/494-gcc-spring-interns,Completed,FALSE,2026-01-01T20:25:00.000Z,TRUE,2026-01-08T13:34:40.018Z,0,0,,,0,0,0,0,1,1
691d6897b21572531bf08d18,Expense Approvals in Paycom,https://trello.com/c/L2ZtkVCd/160-expense-approvals-in-paycom,,FALSE,2025-01-10T18:30:00.000Z,FALSE,2025-11-19T06:52:05.674Z,0,0,,,0,0,0,0,0,1
691d6897b21572531bf08d1f,Founders Corporate Card Reconciliation,https://trello.com/c/mH6GfrWR/159-founders-corporate-card-reconciliation,,FALSE,2025-01-31T19:30:00.000Z,FALSE,2025-11-19T06:52:03.098Z,0,0,,,0,0,0,0,0,1
691d689db21572531bf0a529,Send Monthly Athletics giving report to campus,https://trello.com/c/zgaoVZht/133-send-monthly-athletics-giving-report-to-campus,,FALSE,2025-02-07T13:54:00.000Z,FALSE,2025-11-26T12:48:03.366Z,0,0,,,0,0,0,0,0,1
691d689cb21572531bf0a3a7,JGCC Monthly Task Items,https://trello.com/c/v4XJpZsP/132-jgcc-monthly-task-items,,FALSE,2025-02-07T13:54:00.000Z,FALSE,2025-11-26T12:48:03.366Z,0,0,,,0,0,0,0,0,1
691d689fb21572531bf0acdd,Fidelity JE,https://trello.com/c/obzjYdIU/142-fidelity-je,,FALSE,2025-02-10T17:53:00.000Z,FALSE,2025-11-26T12:48:03.366Z,0,0,,,0,0,0,0,0,1
691d68a1b21572531bf0b5d7,JE's for Employee Reimbursements,https://trello.com/c/5zmG7HRD/151-jes-for-employee-reimbursements,,FALSE,2025-02-10T19:30:00.000Z,FALSE,2025-11-19T06:56:28.993Z,0,0,,,0,0,0,0,0,1
691d68a1b21572531bf0b56a,Payroll Journal Entries,https://trello.com/c/ZC3l4Oxo/150-payroll-journal-entries,,FALSE,2025-02-10T19:30:00.000Z,FALSE,2025-11-19T06:56:21.898Z,0,0,,,0,0,0,0,0,1
691d68a1b21572531bf0b440,Record TM transactions in FE,https://trello.com/c/hNRjBnLK/149-record-tm-transactions-in-fe,,FALSE,2025-02-10T19:30:00.000Z,FALSE,2025-11-19T06:56:02.099Z,0,0,,,0,0,0,0,0,1
691d689fb21572531bf0ac28,Bank Reconciliations,https://trello.com/c/I9nhgyee/141-bank-reconciliations,,FALSE,2025-02-10T19:30:00.000Z,FALSE,2025-11-19T06:55:33.466Z,0,0,,,0,0,0,0,0,1
691d689eb21572531bf0aae1,Monthly Financial Statements,https://trello.com/c/001hAW8k/139-monthly-financial-statements,,FALSE,2025-02-10T19:30:00.000Z,FALSE,2025-11-19T06:55:22.106Z,0,0,,,0,0,0,0,0,1
691d689db21572531bf0a637,Admissions Tax Return,https://trello.com/c/2DJ4zG7N/136-admissions-tax-return,,FALSE,2025-02-15T19:30:00.000Z,FALSE,2025-11-19T06:55:03.380Z,0,0,,,0,0,0,0,0,1
691d68a1b21572531bf0b570,Champion Spur Benefits - Blazer-Credential-Decal,https://trello.com/c/fS4IQ6jG/148-champion-spur-benefits-blazer-credential-decal,,FALSE,2025-03-07T16:26:00.000Z,FALSE,2025-11-26T12:48:03.366Z,0,0,,,0,0,0,0,0,1
691d689eb21572531bf0aa3d,Quarterly Pledge Review (MGOs-Meg),https://trello.com/c/6ytLS9Jx/138-quarterly-pledge-review-mgos-meg,,FALSE,2025-03-31T14:46:00.000Z,FALSE,2025-11-26T12:48:03.366Z,0,0,,,0,0,0,0,0,1
691d689db21572531bf0a570,Payment Plans: Monthly Report (Declines/Expiring Cards/Delinquent),https://trello.com/c/UdaWq5bo/134-payment-plans-monthly-report-declines-expiring-cards-delinquent,,FALSE,2025-04-15T12:54:00.000Z,FALSE,2025-11-19T06:55:01.979Z,0,0,,,0,0,0,0,0,1
691d689ab21572531bf09975,WH-1605/1606 Quarterly Filing,https://trello.com/c/Cn0IxWsS/125-wh-1605-1606-quarterly-filing,,FALSE,2025-04-15T18:30:00.000Z,FALSE,2025-11-19T06:53:02.394Z,0,0,,,0,0,0,0,0,1
691d6897b21572531bf08d1e,Chase Credit Card Reconciliation,https://trello.com/c/Y3uJsHZF/157-chase-credit-card-reconciliation,,FALSE,2025-05-16T18:35:00.000Z,FALSE,2025-11-26T12:48:03.366Z,0,0,,,0,0,0,0,0,1
691d68a2b21572531bf0b8b5,Amex Credit Card Reconciliation,https://trello.com/c/i464w3id/156-amex-credit-card-reconciliation,,FALSE,2025-05-25T13:51:00.000Z,FALSE,2025-11-26T12:48:03.366Z,0,0,,,0,0,0,0,0,1
691d689fb21572531bf0ae7f,Ticketmaster GCC-ATH Reconciliation,https://trello.com/c/qaUM4S5o/144-ticketmaster-gcc-ath-reconciliation,,FALSE,2025-06-12T18:30:00.000Z,FALSE,2025-11-26T12:48:03.366Z,0,0,,,0,0,0,0,0,1
691d6897b21572531bf08d1c,Payment Plans,https://trello.com/c/1Gi5tZRo/116-payment-plans,,FALSE,2025-06-14T18:30:00.000Z,FALSE,2025-11-26T12:48:03.366Z,0,0,,,0,0,0,0,0,1
691d6897b21572531bf08d24,Gamecock Elite,https://trello.com/c/dL54nZfZ/117-gamecock-elite,,FALSE,2025-06-30T18:30:00.000Z,FALSE,2025-11-26T12:48:03.366Z,0,0,,,0,0,0,0,0,1
691d68a2b21572531bf0b782,Garnet Society Birthday Cards,https://trello.com/c/BVzCdVfZ/153-garnet-society-birthday-cards,,FALSE,2025-07-01T06:30:00.000Z,FALSE,2025-11-26T12:48:03.366Z,0,0,,,0,0,0,0,0,1
691d689cb21572531bf0a30a,25-26 JGCC Days - Planning-Logistics,https://trello.com/c/Bqc6Xeag/131-25-26-jgcc-days-planning-logistics,,FALSE,2025-07-01T13:47:00.000Z,FALSE,2025-11-26T12:48:03.366Z,0,0,,,0,0,0,0,0,1
691d68f05727b3c316e93a09,Chapter Bank Account Reconciliations,https://trello.com/c/7jU3q6AC/172-chapter-bank-account-reconciliations,,FALSE,2025-07-04T19:07:00.000Z,FALSE,2025-11-26T12:48:03.366Z,0,0,,,0,0,0,0,0,1
691d689fb21572531bf0af3b,CreateTalech Transaction Merchant Fee Journal Entry,https://trello.com/c/8tTq7HTh/146-createtalech-transaction-merchant-fee-journal-entry,,FALSE,2025-07-05T18:32:00.000Z,FALSE,2025-11-26T12:48:03.366Z,0,0,,,0,0,0,0,0,1
691d689fb21572531bf0ae7e,Send Ascend Carolina invoice to Jeff Tallant,https://trello.com/c/6NbXUAYS/143-send-ascend-carolina-invoice-to-jeff-tallant,,FALSE,2025-07-10T18:30:00.000Z,FALSE,2025-11-26T12:48:03.366Z,0,0,,,0,0,0,0,0,1
691d689eb21572531bf0a7ab,Department Budget Reports,https://trello.com/c/2iahVWl9/137-department-budget-reports,,FALSE,2025-07-15T18:30:00.000Z,FALSE,2025-11-26T12:48:03.366Z,0,0,,,0,0,0,0,0,1
691d6897b21572531bf08d1d,Rev Share Payment Approvals in TM Wallet,https://trello.com/c/8Uf0LROp/161-rev-share-payment-approvals-in-tm-wallet,,FALSE,2025-07-28T18:30:00.000Z,FALSE,2025-11-26T12:48:03.366Z,0,0,,,0,0,0,0,0,1
691d6897b21572531bf08d26,Chapter Due To/From Report,https://trello.com/c/6bkOe7iP/158-chapter-due-to-from-report,,FALSE,2025-07-28T18:30:00.000Z,FALSE,2025-11-26T12:48:03.366Z,0,0,,,0,0,0,0,0,1
691d68a0b21572531bf0b0fd,Deposit Raffle Winner Federal Withholdings on EFTPS,https://trello.com/c/H1bxn5FT/147-deposit-raffle-winner-federal-withholdings-on-eftps,,FALSE,2025-08-05T17:30:00.000Z,FALSE,2025-11-26T12:48:03.366Z,0,0,,,0,0,0,0,0,1
691d689db21572531bf0a572,Send financials and fund balance report to Jeff Tallant,https://trello.com/c/eKLVvC7W/135-send-financials-and-fund-balance-report-to-jeff-tallant,,FALSE,2025-08-15T18:30:00.000Z,FALSE,2025-11-26T12:48:03.366Z,0,0,,,0,0,0,0,0,1
691d68a1b21572531bf0b5d6,Dashboard & Reporting Project,https://trello.com/c/3p1sUYY6/152-dashboard-reporting-project,,FALSE,2025-08-18T15:49:00.000Z,FALSE,2025-11-26T12:48:03.366Z,0,0,,,0,0,0,0,0,1
691d6897b21572531bf08d93,2025-26 Student Ambassadors,https://trello.com/c/82aVWXne/164-2025-26-student-ambassadors,,FALSE,2025-08-29T13:07:00.000Z,FALSE,2025-11-26T12:48:03.366Z,0,0,,,0,0,0,0,0,1
691d68f05727b3c316e93a0a,Basketball,https://trello.com/c/VkKabdlW/168-basketball,,FALSE,2025-09-12T06:28:00.000Z,FALSE,2025-11-26T12:48:03.366Z,0,0,,,0,0,0,0,0,1
691d6897b21572531bf08d19,Membership Guide 2026 Update Timeline/To-Do,https://trello.com/c/TXv5ICcB/163-membership-guide-2026-update-timeline-to-do,,FALSE,2025-09-15T14:26:00.000Z,FALSE,2025-11-26T12:48:03.366Z,0,0,,,0,0,0,0,0,1
691d6897b21572531bf08d25,GCC Calendar [Timeline & Deadlines],https://trello.com/c/HPCZsfCs/162-gcc-calendar-timeline-deadlines,,FALSE,2025-09-24T14:48:00.000Z,FALSE,2025-11-26T12:48:03.366Z,0,0,,,0,0,0,0,0,1
691d689cb21572531bf0a085,GCC-ATH Expense Reconciliation (Quarterly),https://trello.com/c/7CcfvqIe/129-gcc-ath-expense-reconciliation-quarterly,,FALSE,2025-10-06T17:30:00.000Z,FALSE,2025-11-26T12:48:03.366Z,0,0,,,0,0,0,0,0,1
691d68f05727b3c316e93a0c,Personal Expense Analysis,https://trello.com/c/DDuo7S7u/167-personal-expense-analysis,,FALSE,2025-10-15T18:30:00.000Z,FALSE,2025-11-26T12:48:03.366Z,0,0,,,0,0,0,0,0,1
691d689ab21572531bf09a1a,Quarterly Transfer of Funds to Athletics,https://trello.com/c/xkKE2tKm/126-quarterly-transfer-of-funds-to-athletics,,FALSE,2025-10-17T17:30:00.000Z,FALSE,2025-11-26T12:48:03.366Z,0,0,,,0,0,0,0,0,1
691d68a2b21572531bf0b9f4,Legandary Fan of the Game (Timeline/Process),https://trello.com/c/2NxLc2ng/155-legandary-fan-of-the-game-timeline-process,,FALSE,2025-11-29T14:44:00.000Z,FALSE,2025-11-26T12:48:03.366Z,0,0,,,0,0,0,0,0,1
691d68a2b21572531bf0b7c4,Alumni Partnership Events,https://trello.com/c/C7BZw4zl/154-alumni-partnership-events,,FALSE,2025-11-30T14:44:00.000Z,FALSE,2025-11-26T12:48:03.366Z,0,0,,,0,0,0,0,0,2
691d689fb21572531bf0ac29,Garnet Society,https://trello.com/c/MFEeE3Pn/140-garnet-society,,FALSE,2025-12-12T07:28:00.000Z,FALSE,2025-11-26T12:48:03.366Z,0,0,,,0,0,0,0,0,1
691d689cb21572531bf0a311,GCC Spring Interns,https://trello.com/c/GXxpTodZ/130-gcc-spring-interns,,FALSE,2026-01-01T20:25:00.000Z,FALSE,2025-11-26T12:48:03.366Z,0,0,,,0,0,0,0,0,1
691d689cb21572531bf0a0fe,Monthly Import - SGC Archtics Data,https://trello.com/c/ml7K7Xjv/128-monthly-import-sgc-archtics-data,,FALSE,2026-01-06T13:49:00.000Z,FALSE,2025-11-26T12:48:03.366Z,0,0,,,0,0,0,0,0,1
691d689ab21572531bf09c60,GCC Payment Plan Monthly Reminder,https://trello.com/c/HZh5p6UM/127-gcc-payment-plan-monthly-reminder,,FALSE,2026-01-08T15:56:00.000Z,FALSE,2025-11-26T12:48:03.366Z,0,0,,,0,0,0,0,0,2
691d689ab21572531bf09a80,GCC Day Planning and Logistics,https://trello.com/c/yXgmpcYt/124-gcc-day-planning-and-logistics,,FALSE,2026-03-13T17:36:00.000Z,FALSE,2025-11-19T06:53:14.725Z,0,0,,,0,0,0,0,0,1
691d689ab21572531bf09971,2026 Membership Packet Process (includes checklist-timeline),https://trello.com/c/ElOL2dvc/123-2026-membership-packet-process-includes-checklist-timeline,,FALSE,2026-04-15T17:06:00.000Z,FALSE,2025-11-19T06:52:58.614Z,0,0,,,0,0,0,0,0,1
691d689ab21572531bf09a1b,2025 Beneficiary Audit,https://trello.com/c/t13lXMnh/122-2025-beneficiary-audit,,FALSE,2026-05-15T14:56:00.000Z,FALSE,2025-11-19T06:53:12.842Z,0,0,,,0,0,0,0,0,1
691d689ab21572531bf09a19,Membership Dues Review for 2027 & 2028,https://trello.com/c/0SWQcmAp/121-membership-dues-review-for-2027-2028,,FALSE,2026-08-01T13:11:00.000Z,FALSE,2025-11-19T06:53:11.391Z,0,0,,,0,0,0,0,0,3
691d6899b21572531bf098d8,Golf Invitational Planning Fall 2026,https://trello.com/c/W4tivycW/120-golf-invitational-planning-fall-2026,,FALSE,,FALSE,2025-11-19T06:52:56.965Z,0,0,,,0,0,0,0,0,1
691d6899b21572531bf09839,Acknowledgement Letters,https://trello.com/c/re4QmLgc/119-acknowledgement-letters,,FALSE,,FALSE,2025-11-19T06:52:48.660Z,0,0,,,0,0,0,0,0,1
691d6899b21572531bf097e3,"2025-2026 Courtside Seat Tracking, Contracts, & Invoices",https://trello.com/c/E4HMf8Cs/118-2025-2026-courtside-seat-tracking-contracts-invoices,,FALSE,,FALSE,2025-11-19T06:52:38.160Z,0,0,,,0,0,0,0,0,1
691d67b93059690213d34dc3,Flip donations on Account Manager to GC2026,https://trello.com/c/iaB77K9y/44-flip-donations-on-account-manager-to-gc2026,Not Started,FALSE,2026-12-12T22:00:00.000Z,FALSE,2026-06-16T03:26:52.386Z,0,0,,,0,0,0,0,1,2
695e5f64d2d508cbd622797e,Gamecock Elite,https://trello.com/c/GLUNBscf/380-gamecock-elite,In Progress,FALSE,2026-06-30T18:30:00.000Z,FALSE,2026-05-12T13:52:07.173Z,0,0,,,0,0,0,0,1,1
695e5f66d2d508cbd6228462,Membership Dues Review for 2027 & 2028,https://trello.com/c/VBXmbpkU/358-membership-dues-review-for-2027-2028,In Progress,FALSE,2026-08-01T13:11:00.000Z,FALSE,2026-05-12T13:52:07.173Z,0,0,,,0,0,0,0,3,3
695e5f65d2d508cbd62282a5,Acknowledgement Letters,https://trello.com/c/984aAO8k/364-acknowledgement-letters,In Progress,FALSE,,FALSE,2026-06-09T03:26:52.456Z,0,0,,,0,0,0,0,1,1
69282561e8563ece262adb2a,https://trello.com/c/4m2tjmKh,https://trello.com/c/FaTutLwl/245-https-trellocom-c-4m2tjmkh,,FALSE,,FALSE,2025-11-27T10:18:09.508Z,0,0,,,0,0,0,0,0,0
692825629b08cb4c70c7106d,https://trello.com/c/EWhtuiX1,https://trello.com/c/bnDOj9UY/246-https-trellocom-c-ewhtuix1,,FALSE,,FALSE,2025-11-27T10:18:10.496Z,0,0,,,0,0,0,0,0,0
69282563ad472f7a9b04db83,https://trello.com/c/KgsDg09l,https://trello.com/c/nXqT9Zzf/247-https-trellocom-c-kgsdg09l,,FALSE,,FALSE,2025-11-27T10:18:11.461Z,0,0,,,0,0,0,0,0,0
69282569084de2dc6f1bea4a,https://trello.com/c/A55Up5ML,https://trello.com/c/Jn1B7VsP/252-https-trellocom-c-a55up5ml,,FALSE,,FALSE,2025-11-28T07:41:17.333Z,0,0,,,0,0,0,0,0,0
6928256ad54ffb74b5290a4f,https://trello.com/c/zvcssDuO,https://trello.com/c/3SQhJnJZ/253-https-trellocom-c-zvcssduo,,FALSE,,FALSE,2025-11-28T07:41:17.333Z,0,0,,,0,0,0,0,0,0
6928256a7d23501e4e04df12,https://trello.com/c/HBsV5gCI,https://trello.com/c/Wvk6VBEf/254-https-trellocom-c-hbsv5gci,,FALSE,,FALSE,2025-11-28T07:41:17.333Z,0,0,,,0,0,0,0,0,0
6928256b0e42d6db57efa715,https://trello.com/c/GIUYmVK8,https://trello.com/c/SgkiBMXw/255-https-trellocom-c-giuymvk8,,FALSE,,FALSE,2025-11-28T07:41:17.333Z,0,0,,,0,0,0,0,0,0
6928257df5227d0ec40bb975,https://trello.com/c/UMokAe9o,https://trello.com/c/8cJiJd62/271-https-trellocom-c-umokae9o,,FALSE,,FALSE,2025-11-28T07:41:17.333Z,0,0,,,0,0,0,0,0,0
6928257e53455fedbf38c6e1,https://trello.com/c/5F9pmO6i,https://trello.com/c/Rn3BBYqe/272-https-trellocom-c-5f9pmo6i,,FALSE,,FALSE,2025-11-28T07:41:17.333Z,0,0,,,0,0,0,0,0,0
6928257f7bae88e7a08c1028,https://trello.com/c/cFeCoJky,https://trello.com/c/axM44eTd/273-https-trellocom-c-cfecojky,,FALSE,,FALSE,2025-11-28T07:41:17.333Z,0,0,,,0,0,0,0,0,0
69282564663e1daf583ee3ff,https://trello.com/c/EAD0cst6,https://trello.com/c/s5zy8cUd/248-https-trellocom-c-ead0cst6,,FALSE,,FALSE,2025-11-27T10:18:12.648Z,0,0,,,0,0,0,0,0,0
69282565ce0c2e4ed89841ca,https://trello.com/c/wnF1dFOq,https://trello.com/c/vmlRO65U/249-https-trellocom-c-wnf1dfoq,,FALSE,,FALSE,2025-11-27T10:18:13.591Z,0,0,,,0,0,0,0,0,0
69282566ba666f71fe682954,https://trello.com/c/69PC33lX,https://trello.com/c/fQM4dhJE/250-https-trellocom-c-69pc33lx,,FALSE,,FALSE,2025-11-27T10:18:14.544Z,0,0,,,0,0,0,0,0,0
69282567a6f2f0070b7dd2d9,https://trello.com/c/iYDPJIOv,https://trello.com/c/8H6hzamK/251-https-trellocom-c-iydpjiov,,FALSE,,FALSE,2025-11-27T10:18:15.544Z,0,0,,,0,0,0,0,0,0
6928257674bc4c7e7152270b,https://trello.com/c/5dGvmVnY,https://trello.com/c/tgWkMOgp/264-https-trellocom-c-5dgvmvny,,FALSE,,FALSE,2025-11-28T07:41:17.333Z,0,0,,,0,0,0,0,0,0
69282577fbe1f69d96198571,https://trello.com/c/kW2GczbO,https://trello.com/c/WXdxDeGn/265-https-trellocom-c-kw2gczbo,,FALSE,,FALSE,2025-11-28T07:41:17.333Z,0,0,,,0,0,0,0,0,0
69282578d32b6d155495a645,https://trello.com/c/HU1uHKGN,https://trello.com/c/gwzDhOT2/266-https-trellocom-c-hu1uhkgn,,FALSE,,FALSE,2025-11-28T07:41:17.333Z,0,0,,,0,0,0,0,0,0
6928258d577ffacf3b7808f9,https://trello.com/c/2uaNYPBL,https://trello.com/c/t154DHqA/285-https-trellocom-c-2uanypbl,,FALSE,,FALSE,2025-11-28T07:41:17.333Z,0,0,,,0,0,0,0,0,0
6928258e3621b5fc73d69786,https://trello.com/c/cYm4p4HD,https://trello.com/c/DqU1RzSY/286-https-trellocom-c-cym4p4hd,,FALSE,,FALSE,2025-11-28T07:41:17.333Z,0,0,,,0,0,0,0,0,0
6928258fa0d1e98d521ebc34,https://trello.com/c/CkyXGyHw,https://trello.com/c/7rWRjWH6/287-https-trellocom-c-ckyxgyhw,,FALSE,,FALSE,2025-11-28T07:41:17.333Z,0,0,,,0,0,0,0,0,0
6928256e36e5ae8dea302bd5,https://trello.com/c/672p2Jp4,https://trello.com/c/CZBPwGXR/256-https-trellocom-c-672p2jp4,,FALSE,,FALSE,2025-11-27T10:18:22.156Z,0,0,,,0,0,0,0,0,0
6928256f5422c8a4d6b961e1,https://trello.com/c/L0O5LUiW,https://trello.com/c/2MAFDQsg/257-https-trellocom-c-l0o5luiw,,FALSE,,FALSE,2025-11-27T10:18:23.116Z,0,0,,,0,0,0,0,0,0
6928256f65700987857445e3,https://trello.com/c/C8CXu8Hz,https://trello.com/c/vsyg20qC/258-https-trellocom-c-c8cxu8hz,,FALSE,,FALSE,2025-11-27T10:18:24.048Z,0,0,,,0,0,0,0,0,0
69282570775e395f2fbc3443,https://trello.com/c/knBzYqS8,https://trello.com/c/bROT9mhA/259-https-trellocom-c-knbzyqs8,,FALSE,,FALSE,2025-11-27T10:18:25.007Z,0,0,,,0,0,0,0,0,0
6928258508fc1099dc24cce0,https://trello.com/c/aqimg8fn,https://trello.com/c/8EhXYsjq/278-https-trellocom-c-aqimg8fn,,FALSE,,FALSE,2025-11-28T07:41:17.333Z,0,0,,,0,0,0,0,0,0
69282586f1bbcfc2ec6e0fc9,https://trello.com/c/fiaKuicp,https://trello.com/c/DspyO0tz/279-https-trellocom-c-fiakuicp,,FALSE,,FALSE,2025-11-28T07:41:17.333Z,0,0,,,0,0,0,0,0,0
69282587fd8ab2ac002c12fe,https://trello.com/c/PisSJsB7,https://trello.com/c/lQCdN0hX/280-https-trellocom-c-pissjsb7,,FALSE,,FALSE,2025-11-28T07:41:17.333Z,0,0,,,0,0,0,0,0,0
692825929cc543cec1c4debd,https://trello.com/c/dTJOTc8F,https://trello.com/c/7ttBNeIF/290-https-trellocom-c-dtjotc8f,,FALSE,,FALSE,2025-11-28T07:41:17.333Z,0,0,,,0,0,0,0,0,0
692825930863355ca3def06f,https://trello.com/c/EvGh8cJQ,https://trello.com/c/yz8ZvW6J/291-https-trellocom-c-evgh8cjq,,FALSE,,FALSE,2025-11-28T07:41:17.333Z,0,0,,,0,0,0,0,0,0
692825943f1cb89b6854d8e3,https://trello.com/c/v0kYuRbV,https://trello.com/c/xbUCmijA/292-https-trellocom-c-v0kyurbv,,FALSE,,FALSE,2025-11-28T07:41:17.333Z,0,0,,,0,0,0,0,0,0
692825727358296e332b81c6,https://trello.com/c/Z8iVz5uV,https://trello.com/c/asUZA91Q/260-https-trellocom-c-z8ivz5uv,,FALSE,,FALSE,2025-11-27T10:18:26.301Z,0,0,,,0,0,0,0,0,0
69282573555a4cf14696eee9,https://trello.com/c/1KohUnlJ,https://trello.com/c/wqLvyydt/261-https-trellocom-c-1kohunlj,,FALSE,,FALSE,2025-11-27T10:18:27.246Z,0,0,,,0,0,0,0,0,0
69282574137106de9b967a15,https://trello.com/c/saP7ZdDG,https://trello.com/c/sOYtCr5R/262-https-trellocom-c-sap7zddg,,FALSE,,FALSE,2025-11-27T10:18:28.186Z,0,0,,,0,0,0,0,0,0
6928257578916c2b1b7f3593,https://trello.com/c/cEydZ2W2,https://trello.com/c/75aCptKX/263-https-trellocom-c-ceydz2w2,,FALSE,,FALSE,2025-11-27T10:18:29.169Z,0,0,,,0,0,0,0,0,0
6928258192deae124e197b90,https://trello.com/c/xE7jNWQk,https://trello.com/c/yYZJ5W7n/274-https-trellocom-c-xe7jnwqk,,FALSE,,FALSE,2025-11-28T07:41:17.333Z,0,0,,,0,0,0,0,0,0
6928258295c74512283b462f,https://trello.com/c/gDunm8X5,https://trello.com/c/OJPnSmPV/275-https-trellocom-c-gdunm8x5,,FALSE,,FALSE,2025-11-28T07:41:17.333Z,0,0,,,0,0,0,0,0,0
692825837397cee461669d1e,https://trello.com/c/5iKH8eW2,https://trello.com/c/iMh6TtAo/276-https-trellocom-c-5ikh8ew2,,FALSE,,FALSE,2025-11-28T07:41:17.333Z,0,0,,,0,0,0,0,0,0
69282584203eec0ff11ac3bd,https://trello.com/c/7T9bZ17Y,https://trello.com/c/KyyW88rq/277-https-trellocom-c-7t9bz17y,,FALSE,,FALSE,2025-11-28T07:41:17.333Z,0,0,,,0,0,0,0,0,0
69282590f4c624595b5d732d,https://trello.com/c/noYqY3QK,https://trello.com/c/zzww9x7S/288-https-trellocom-c-noyqy3qk,,FALSE,,FALSE,2025-11-28T07:41:17.333Z,0,0,,,0,0,0,0,0,0
692825916ad15d19708c80e9,https://trello.com/c/Kud6KBJe,https://trello.com/c/GxGX7LWs/289-https-trellocom-c-kud6kbje,,FALSE,,FALSE,2025-11-28T07:41:17.333Z,0,0,,,0,0,0,0,0,0
69282579de5b1665f88b9b6b,https://trello.com/c/roow3kiD,https://trello.com/c/fVlqOeKu/267-https-trellocom-c-roow3kid,,FALSE,,FALSE,2025-11-27T10:18:33.742Z,0,0,,,0,0,0,0,0,0
6928257acad206b851b94be4,https://trello.com/c/wwTNSAPL,https://trello.com/c/raWLaUbA/268-https-trellocom-c-wwtnsapl,,FALSE,,FALSE,2025-11-27T10:18:34.766Z,0,0,,,0,0,0,0,0,0
6928257b36d90be527256d0f,https://trello.com/c/cxBfS3QN,https://trello.com/c/7H9ndBPc/269-https-trellocom-c-cxbfs3qn,,FALSE,,FALSE,2025-11-27T10:18:35.720Z,0,0,,,0,0,0,0,0,0
6928257c5967d03a20b0e913,https://trello.com/c/WT6SWD55,https://trello.com/c/IK76WxOq/270-https-trellocom-c-wt6swd55,,FALSE,,FALSE,2025-11-27T10:18:36.647Z,0,0,,,0,0,0,0,0,0
692825898026e6bd06b17f39,https://trello.com/c/bFyZz343,https://trello.com/c/Qkw92bYA/281-https-trellocom-c-bfyzz343,,FALSE,,FALSE,2025-11-27T10:18:49.278Z,0,0,,,0,0,0,0,0,0
6928258ac857f1ccb54bf522,https://trello.com/c/rhwObtKZ,https://trello.com/c/FzGgjdDs/282-https-trellocom-c-rhwobtkz,,FALSE,,FALSE,2025-11-27T10:18:50.242Z,0,0,,,0,0,0,0,0,0
6928258bb6009c66e6d03030,https://trello.com/c/YzCespgB,https://trello.com/c/YPL8QlfX/283-https-trellocom-c-yzcespgb,,FALSE,,FALSE,2025-11-27T10:18:51.225Z,0,0,,,0,0,0,0,0,0
6928258cf79ac3639a63b74c,https://trello.com/c/f6Oc0s0O,https://trello.com/c/PoqbyYju/284-https-trellocom-c-f6oc0s0o,,FALSE,,FALSE,2025-11-27T10:18:52.147Z,0,0,,,0,0,0,0,0,0
69282596f5227d0ec40bfa88,https://trello.com/c/Fhhkglus,https://trello.com/c/kw0ktrkT/293-https-trellocom-c-fhhkglus,,FALSE,,FALSE,2025-11-27T10:19:02.319Z,0,0,,,0,0,0,0,0,0
691d67bc3059690213d35494,Football Leads - Monthly,https://trello.com/c/NMjUpkxH/4-football-leads-monthly,Not Started,FALSE,,FALSE,2026-01-05T22:06:22.322Z,0,0,,,0,0,0,0,1,1
691d67c03059690213d36330,Nike Staff Apparel,https://trello.com/c/zR5MfbE7/23-nike-staff-apparel,Not Started,FALSE,,FALSE,2026-06-15T12:38:55.045Z,0,0,,,0,0,0,0,1,1
691d67bc3059690213d3541b,Purge Documents--Retention,https://trello.com/c/VkfgcVLK/3-purge-documents-retention,Not Started,FALSE,,FALSE,2026-06-15T12:38:55.045Z,0,0,,,0,0,0,0,2,1
691d67b93059690213d34dc0,Vet GC2025 Extensions,https://trello.com/c/J3dFjn1h/39-vet-gc2025-extensions,Not Started,FALSE,,FALSE,2026-06-15T12:38:55.045Z,0,0,,,0,0,0,0,1,1
695f9c4453070f92dbe6cf07,Monthly BBCRM Gifts load into Archtics - Points,https://trello.com/c/H9GxbjVV/440-monthly-bbcrm-gifts-load-into-archtics-points,Completed,FALSE,2026-01-23T13:54:00.000Z,TRUE,2026-01-20T16:06:18.028Z,0,0,,,0,0,0,0,1,1
695f9c4253070f92dbe6cb5a,Membership Guide 2026 Update Timeline/To-Do,https://trello.com/c/2NlVRDkC/432-membership-guide-2026-update-timeline-to-do,Completed,FALSE,2025-09-15T14:26:00.000Z,TRUE,2026-01-08T14:06:30.839Z,0,0,,,0,0,0,0,2,1
691d67b93059690213d34de2,Baseball Seat Selection,https://trello.com/c/eWx7d4lH/45-baseball-seat-selection,Completed,FALSE,2025-12-18T12:30:00.000Z,TRUE,2026-01-29T17:49:41.579Z,0,0,,,0,0,0,0,5,4
691d67c03059690213d3611a,Renewal Campaign - Baseball,https://trello.com/c/ZBCnLRxv/20-renewal-campaign-baseball,Completed,FALSE,2025-12-05T22:00:00.000Z,TRUE,2026-01-05T13:34:02.526Z,0,0,,,0,0,0,0,2,1
691d67b93059690213d34dc2,Holiday Card,https://trello.com/c/aW5DAN3D/1-holiday-card,Completed,FALSE,2025-12-02T18:30:00.000Z,TRUE,2026-01-05T13:33:21.463Z,0,0,,,0,0,0,0,2,1
695f9c4d53070f92dbe6ec68,Garnet Society Birthday Cards,https://trello.com/c/jnMKLvDj/465-garnet-society-birthday-cards,Completed,FALSE,2026-03-01T07:30:00.000Z,TRUE,2026-02-09T14:06:29.846Z,0,0,,,0,0,0,0,1,1
695f9c3e53070f92dbe6b854,GCC Calendar [Timeline & Deadlines],https://trello.com/c/iJcvuGJU/414-gcc-calendar-timeline-deadlines,Completed,FALSE,2025-09-24T14:48:00.000Z,TRUE,2026-01-08T14:04:33.194Z,0,0,,,0,0,0,0,1,1
695f9c4e53070f92dbe6f05a,Garnet Society,https://trello.com/c/5F4JE7Cd/469-garnet-society,Completed,FALSE,2026-06-30T06:28:00.000Z,TRUE,2026-01-13T20:23:35.423Z,0,0,,,0,0,0,0,1,1
